value,type,lineage_ID
0,outsider,1
1092,end,1
1072,end,1
1048,end,1
1030,end,1
1000,end,1
976,end,1
963,end,1
1112,end,1
935,end,1
902,end,1
875,end,1
845,end,1
822,end,1
802,end,1
788,end,1
763,end,1
919,end,1
744,end,1
1133,end,1
1171,end,1
1506,end,1
1488,end,1
1472,end,1
1454,end,1
1434,end,1
1412,end,1
1388,end,1
1152,end,1
1366,end,1
1320,end,1
1301,end,1
1278,end,1
1257,end,1
1241,end,1
1215,end,1
1195,end,1
1342,end,1
722,end,1
698,end,1
680,end,1
201,end,1
171,end,1
149,end,1
133,end,1
112,end,1
87,end,1
64,end,1
219,end,1
54,end,1
3204,start,1
3181,start,1
3168,start,1
3131,start,1
3109,start,1
3090,start,1
3070,start,1
50,end,1
237,end,1
257,end,1
281,end,1
662,end,1
637,end,1
611,end,1
587,end,1
569,end,1
553,end,1
523,end,1
509,end,1
487,end,1
469,end,1
438,end,1
412,end,1
392,end,1
371,end,1
352,end,1
326,end,1
303,end,1
1523,end,1
3045,start,1
1545,end,1
1593,end,1
2809,end,1
2783,end,1
2760,end,1
2743,end,1
2728,end,1
2698,end,1
2678,end,1
2819,end,1
2661,end,1
2622,end,1
2598,end,1
2576,end,1
2554,end,1
2533,end,1
2514,end,1
2494,end,1
2645,end,1
2473,end,1
2835,end,1
2881,end,1
3221,end,1
3203,end,1
3180,end,1
3167,end,1
3130,end,1
3108,end,1
3089,end,1
2862,end,1
3069,end,1
3025,end,1
3005,end,1
2982,end,1
2959,end,1
2937,end,1
2920,end,1
2902,end,1
3044,end,1
2447,end,1
2423,end,1
2403,end,1
1943,end,1
1919,end,1
1903,end,1
1885,end,1
1866,end,1
1839,end,1
1821,end,1
1958,end,1
1794,end,1
1753,end,1
1733,end,1
1714,end,1
1679,end,1
1656,end,1
1629,end,1
1611,end,1
1773,end,1
1986,end,1
2003,end,1
2027,end,1
2381,end,1
2364,end,1
2351,end,1
2328,end,1
2305,end,1
2284,end,1
2268,end,1
2251,end,1
2219,end,1
2196,end,1
2179,end,1
2160,end,1
2135,end,1
2116,end,1
2092,end,1
2071,end,1
2049,end,1
1567,end,1
3026,start,1
1698,end,1
2983,start,1
846,start,1
823,start,1
803,start,1
789,start,1
764,start,1
745,start,1
723,start,1
876,start,1
699,start,1
663,start,1
638,start,1
612,start,1
588,start,1
570,start,1
554,start,1
524,start,1
681,start,1
510,start,1
903,start,1
936,start,1
1279,start,1
1258,start,1
1242,start,1
1216,start,1
1196,start,1
1172,start,1
1153,start,1
920,start,1
1134,start,1
1093,start,1
1073,start,1
1049,start,1
1031,start,1
1001,start,1
977,start,1
964,start,1
1113,start,1
488,start,1
470,start,1
439,start,1
3167,outsider,1
2743,outsider,1
1523,outsider,1
149,outsider,1
64,outsider,1
54,outsider,1
50,outsider,1
3180,outsider,1
3181,outsider,1
3131,outsider,1
2729,outsider,1
1507,outsider,1
134,outsider,1
55,outsider,1
51,outsider,1
3006,start,1
3168,outsider,1
3203,outsider,1
0,start,1
51,start,1
393,start,1
372,start,1
353,start,1
327,start,1
304,start,1
282,start,1
258,start,1
238,start,1
220,start,1
202,start,1
172,start,1
150,start,1
134,start,1
113,start,1
88,start,1
65,start,1
55,start,1
1302,start,1
1321,start,1
413,start,1
1367,start,1
2534,start,1
2515,start,1
2495,start,1
2474,start,1
2448,start,1
2424,start,1
2404,start,1
2555,start,1
2382,start,1
2352,start,1
2329,start,1
2306,start,1
2285,start,1
2269,start,1
2252,start,1
2220,start,1
2365,start,1
2599,start,1
2623,start,1
2646,start,1
2960,start,1
1343,start,1
2938,start,1
2921,start,1
2903,start,1
2882,start,1
2863,start,1
2836,start,1
2820,start,1
2810,start,1
2784,start,1
2761,start,1
2744,start,1
2729,start,1
2699,start,1
2679,start,1
2662,start,1
2197,start,1
2180,start,1
2577,start,1
2136,start,1
1715,start,1
1699,start,1
1680,start,1
1657,start,1
1630,start,1
1612,start,1
1568,start,1
1546,start,1
1524,start,1
1507,start,1
1489,start,1
1473,start,1
1455,start,1
1435,start,1
2161,start,1
1413,start,1
1389,start,1
1734,start,1
1754,start,1
1594,start,1
1774,start,1
2117,start,1
2072,start,1
2050,start,1
2028,start,1
2004,start,1
1987,start,1
1959,start,1
1944,start,1
2093,start,1
1904,start,1
1886,start,1
1867,start,1
1840,start,1
1822,start,1
1795,start,1
1920,start,1
1115,end,2
1095,end,2
1077,end,2
1059,end,2
1038,end,2
1012,end,2
989,end,2
969,end,2
944,end,2
879,end,2
900,end,2
734,end,2
861,end,2
837,end,2
813,end,2
751,end,2
790,end,2
770,end,2
919,end,2
1131,end,2
1503,end,2
1170,end,2
1521,end,2
713,end,2
1547,end,2
1515,end,2
1465,end,2
1450,end,2
1420,end,2
1399,end,2
1148,end,2
1379,end,2
1339,end,2
1314,end,2
1298,end,2
1272,end,2
1257,end,2
1238,end,2
1219,end,2
1198,end,2
1362,end,2
695,end,2
3246,start,2
649,end,2
144,end,2
125,end,2
100,end,2
80,end,2
68,end,2
52,end,2
30,end,2
5,end,2
161,end,2
3356,start,2
3321,start,2
3297,start,2
3271,start,2
3212,start,2
3188,start,2
3166,start,2
1568,end,2
3148,start,2
3338,start,2
180,end,2
209,end,2
231,end,2
628,end,2
611,end,2
590,end,2
567,end,2
550,end,2
525,end,2
507,end,2
482,end,2
463,end,2
438,end,2
414,end,2
399,end,2
381,end,2
368,end,2
337,end,2
313,end,2
294,end,2
273,end,2
253,end,2
669,end,2
1583,end,2
3211,end,2
1623,end,2
2919,end,2
2908,end,2
2871,end,2
2857,end,2
2826,end,2
2814,end,2
2774,end,2
2745,end,2
2932,end,2
2733,end,2
2698,end,2
2679,end,2
2663,end,2
2635,end,2
2616,end,2
2597,end,2
2583,end,2
2566,end,2
2716,end,2
2543,end,2
2949,end,2
2990,end,2
3132,start,2
3379,end,2
3355,end,2
3337,end,2
3320,end,2
3296,end,2
3270,end,2
3245,end,2
2971,end,2
3187,end,2
3147,end,2
3131,end,2
3109,end,2
3086,end,2
3057,end,2
3046,end,2
3023,end,2
3007,end,2
3165,end,2
2529,end,2
2513,end,2
2485,end,2
1987,end,2
1963,end,2
1942,end,2
1924,end,2
1903,end,2
1884,end,2
1869,end,2
1841,end,2
2012,end,2
1818,end,2
1782,end,2
1767,end,2
1749,end,2
1729,end,2
1717,end,2
1687,end,2
1668,end,2
1645,end,2
1801,end,2
2031,end,2
2054,end,2
2074,end,2
2465,end,2
2450,end,2
2428,end,2
2404,end,2
2385,end,2
2371,end,2
2353,end,2
2333,end,2
2305,end,2
2284,end,2
2261,end,2
2245,end,2
2221,end,2
2203,end,2
2180,end,2
2163,end,2
2140,end,2
2120,end,2
2097,end,2
1607,end,2
3110,start,2
1669,start,2
3058,start,2
771,start,2
752,start,2
735,start,2
714,start,2
696,start,2
670,start,2
650,start,2
629,start,2
791,start,2
612,start,2
568,start,2
551,start,2
526,start,2
508,start,2
483,start,2
464,start,2
439,start,2
415,start,2
591,start,2
400,start,2
814,start,2
862,start,2
1239,start,2
1220,start,2
1199,start,2
1171,start,2
1149,start,2
1132,start,2
1116,start,2
1096,start,2
838,start,2
1078,start,2
1039,start,2
1013,start,2
990,start,2
970,start,2
945,start,2
920,start,2
901,start,2
880,start,2
1060,start,2
369,start,2
338,start,2
314,start,2
1729,outsider,2
1521,outsider,2
1515,outsider,2
1503,outsider,2
5,outsider,2
3246,outsider,2
3212,outsider,2
2909,outsider,2
2745,outsider,2
2872,outsider,2
2775,outsider,2
2734,outsider,2
1718,outsider,2
1516,outsider,2
1504,outsider,2
1466,outsider,2
0,outsider,2
3087,start,2
2815,outsider,2
2814,outsider,2
2826,outsider,2
2908,outsider,2
295,start,2
274,start,2
254,start,2
232,start,2
210,start,2
181,start,2
162,start,2
145,start,2
126,start,2
101,start,2
81,start,2
69,start,2
53,start,2
31,start,2
6,start,2
0,start,2
3270,outsider,2
3245,outsider,2
2919,outsider,2
1258,start,2
1273,start,2
382,start,2
1315,start,2
2584,start,2
2567,start,2
2544,start,2
2530,start,2
2514,start,2
2486,start,2
2466,start,2
2451,start,2
2617,start,2
2429,start,2
2386,start,2
2372,start,2
2354,start,2
2334,start,2
2306,start,2
2285,start,2
2262,start,2
2246,start,2
2405,start,2
2636,start,2
2664,start,2
2680,start,2
3047,start,2
1299,start,2
3024,start,2
3008,start,2
2991,start,2
2972,start,2
2950,start,2
2933,start,2
2920,start,2
2909,start,2
2872,start,2
2858,start,2
2827,start,2
2815,start,2
2775,start,2
2746,start,2
2734,start,2
2717,start,2
2699,start,2
2222,start,2
2204,start,2
2598,start,2
1584,start,2
1730,start,2
1688,start,2
1646,start,2
1624,start,2
1608,start,2
1569,start,2
1548,start,2
1522,start,2
1750,start,2
1516,start,2
1466,start,2
1451,start,2
1421,start,2
1400,start,2
1380,start,2
2181,start,2
1363,start,2
1340,start,2
1504,start,2
1768,start,2
1718,start,2
1988,start,2
2121,start,2
2098,start,2
2075,start,2
2055,start,2
2032,start,2
2013,start,2
1783,start,2
1964,start,2
1943,start,2
1925,start,2
1904,start,2
1885,start,2
1870,start,2
1842,start,2
1819,start,2
1802,start,2
2141,start,2
2164,start,2
932,end,3
908,end,3
890,end,3
1022,end,3
979,end,3
1000,end,3
875,end,3
960,end,3
854,end,3
1495,end,3
813,end,3
784,end,3
767,end,3
751,end,3
722,end,3
701,end,3
1043,end,3
684,end,3
662,end,3
834,end,3
1064,end,3
1472,end,3
1109,end,3
645,end,3
1515,end,3
1451,end,3
1434,end,3
1415,end,3
1386,end,3
1370,end,3
1345,end,3
1083,end,3
1326,end,3
1282,end,3
1263,end,3
1242,end,3
1219,end,3
1199,end,3
1177,end,3
1154,end,3
1128,end,3
1303,end,3
622,end,3
3363,start,3
578,end,3
93,end,3
77,end,3
59,end,3
32,end,3
13,end,3
3584,start,3
3563,start,3
3548,start,3
3527,start,3
3509,start,3
3487,start,3
3473,start,3
3449,start,3
3432,start,3
3416,start,3
3384,start,3
3346,start,3
1530,end,3
3291,start,3
125,end,3
600,end,3
144,end,3
183,end,3
558,end,3
540,end,3
519,end,3
503,end,3
480,end,3
459,end,3
441,end,3
423,end,3
406,end,3
387,end,3
351,end,3
327,end,3
311,end,3
291,end,3
271,end,3
259,end,3
230,end,3
212,end,3
196,end,3
164,end,3
1549,end,3
3562,end,3
1596,end,3
2933,end,3
2905,end,3
2887,end,3
2873,end,3
2852,end,3
2831,end,3
2816,end,3
2798,end,3
2779,end,3
2758,end,3
2740,end,3
2733,end,3
2710,end,3
2693,end,3
2666,end,3
2642,end,3
2627,end,3
2607,end,3
2589,end,3
2955,end,3
2549,end,3
2986,end,3
3035,end,3
3289,start,3
3599,end,3
3583,end,3
3547,end,3
3526,end,3
3508,end,3
3486,end,3
3472,end,3
3448,end,3
3431,end,3
3415,end,3
3383,end,3
3362,end,3
3345,end,3
3315,end,3
3290,end,3
3288,end,3
3077,end,3
3057,end,3
3012,end,3
1573,end,3
2529,end,3
2489,end,3
2001,end,3
1976,end,3
1958,end,3
1941,end,3
1920,end,3
1900,end,3
1875,end,3
1854,end,3
1832,end,3
1814,end,3
1792,end,3
1774,end,3
1748,end,3
1719,end,3
1703,end,3
1687,end,3
1666,end,3
1645,end,3
1623,end,3
2019,end,3
2510,end,3
2039,end,3
2083,end,3
2468,end,3
2454,end,3
2435,end,3
2417,end,3
2395,end,3
2374,end,3
2352,end,3
2335,end,3
2315,end,3
2289,end,3
2272,end,3
2250,end,3
2228,end,3
2205,end,3
2183,end,3
2161,end,3
2141,end,3
2123,end,3
2104,end,3
2058,end,3
3078,start,3
3316,start,3
3036,start,3
601,start,3
579,start,3
559,start,3
541,start,3
520,start,3
504,start,3
481,start,3
460,start,3
442,start,3
424,start,3
407,start,3
388,start,3
352,start,3
328,start,3
312,start,3
292,start,3
272,start,3
260,start,3
231,start,3
623,start,3
213,start,3
646,start,3
702,start,3
1110,start,3
1084,start,3
1065,start,3
1044,start,3
1023,start,3
1001,start,3
980,start,3
961,start,3
933,start,3
909,start,3
891,start,3
876,start,3
855,start,3
835,start,3
814,start,3
785,start,3
768,start,3
752,start,3
723,start,3
685,start,3
1129,start,3
197,start,3
165,start,3
164,outsider,3
13,outsider,3
3584,outsider,3
3563,outsider,3
3291,outsider,3
3289,outsider,3
3078,outsider,3
2987,outsider,3
2956,outsider,3
2934,outsider,3
2874,outsider,3
2734,outsider,3
2590,outsider,3
2550,outsider,3
352,outsider,3
184,outsider,3
165,outsider,3
145,outsider,3
0,outsider,3
183,outsider,3
184,start,3
196,outsider,3
2589,outsider,3
145,start,3
126,start,3
94,start,3
78,start,3
60,start,3
33,start,3
14,start,3
0,start,3
3599,outsider,3
3583,outsider,3
3315,outsider,3
3290,outsider,3
3288,outsider,3
3012,outsider,3
2986,outsider,3
2955,outsider,3
2887,outsider,3
2740,outsider,3
2607,outsider,3
387,outsider,3
1155,start,3
663,start,3
1200,start,3
2550,start,3
2530,start,3
2511,start,3
2490,start,3
2469,start,3
2455,start,3
2436,start,3
2418,start,3
2396,start,3
2375,start,3
2353,start,3
2336,start,3
2316,start,3
2290,start,3
2273,start,3
2251,start,3
2229,start,3
2206,start,3
2184,start,3
2590,start,3
2162,start,3
1178,start,3
2643,start,3
3013,start,3
2987,start,3
3058,start,3
2956,start,3
2934,start,3
2906,start,3
2888,start,3
2874,start,3
2853,start,3
2832,start,3
2817,start,3
2799,start,3
2780,start,3
2759,start,3
2741,start,3
2734,start,3
2711,start,3
2694,start,3
2667,start,3
2628,start,3
2142,start,3
2608,start,3
2105,start,3
1597,start,3
1574,start,3
1550,start,3
1531,start,3
1516,start,3
1496,start,3
1473,start,3
1452,start,3
1416,start,3
1387,start,3
1371,start,3
1346,start,3
1327,start,3
1304,start,3
1283,start,3
1264,start,3
1243,start,3
1220,start,3
2124,start,3
1624,start,3
1646,start,3
1435,start,3
1667,start,3
2084,start,3
2059,start,3
2040,start,3
2020,start,3
2002,start,3
1977,start,3
1942,start,3
1921,start,3
1901,start,3
1876,start,3
1959,start,3
1855,start,3
1833,start,3
1815,start,3
1793,start,3
1775,start,3
1749,start,3
1720,start,3
1704,start,3
1688,start,3
282.0,end,4
285.0,end,4
312.0,end,4
336.0,end,4
397.0,end,4
372.0,end,4
424.0,end,4
244.0,end,4
352.0,end,4
214.0,end,4
28.0,end,4
175.0,end,4
152.0,end,4
137.0,end,4
116.0,end,4
98.0,end,4
86.0,end,4
69.0,end,4
50.0,end,4
930.0,start,4
447.0,end,4
193.0,end,4
462.0,end,4
923.0,singularities,4
499.0,end,4
841.0,start,4
924.0,singularities,4
921.0,rises,4
922.0,rises,4
933.0,end,4
919.0,end,4
840.0,end,4
807.0,end,4
794.0,end,4
785.0,end,4
736.0,end,4
718.0,end,4
695.0,end,4
671.0,end,4
649.0,end,4
629.0,end,4
611.0,end,4
588.0,end,4
567.0,end,4
550.0,end,4
532.0,end,4
481.0,end,4
808.0,start,4
650.0,start,4
786.0,start,4
194.0,start,4
176.0,start,4
153.0,start,4
138.0,start,4
117.0,start,4
99.0,start,4
87.0,start,4
70.0,start,4
51.0,start,4
29.0,start,4
0.0,start,4
933.0,outsider,4
919.0,outsider,4
794.0,outsider,4
285.0,outsider,4
28.0,outsider,4
930.0,outsider,4
786.0,outsider,4
283.0,outsider,4
0.0,outsider,4
795.0,start,4
215.0,start,4
245.0,start,4
841.0,outsider,4
286.0,start,4
283.0,start,4
719.0,start,4
696.0,start,4
630.0,start,4
612.0,start,4
589.0,start,4
568.0,start,4
551.0,start,4
533.0,start,4
672.0,start,4
482.0,start,4
313.0,start,4
500.0,start,4
337.0,start,4
353.0,start,4
737.0,start,4
398.0,start,4
425.0,start,4
448.0,start,4
373.0,start,4
463.0,start,4
705,end,5
1041,end,5
1019,end,5
998,end,5
974,end,5
952,end,5
933,end,5
917,end,5
874,end,5
853,end,5
831,end,5
789,end,5
774,end,5
752,end,5
1063,end,5
724,end,5
898,end,5
815,end,5
1282,end,5
1105,end,5
1505,end,5
687,end,5
1456,end,5
1441,end,5
1421,end,5
1390,end,5
1368,end,5
1351,end,5
1082,end,5
1325,end,5
1263,end,5
1240,end,5
1224,end,5
1201,end,5
1184,end,5
1163,end,5
1147,end,5
1121,end,5
1304,end,5
668,end,5
177,end,5
622,end,5
131,end,5
110,end,5
90,end,5
3299,end,5
72,end,5
52,end,5
35,end,5
17,end,5
151,end,5
3274,start,5
3231,start,5
3209,start,5
3189,start,5
3166,start,5
3145,start,5
3116,start,5
3097,start,5
3066,start,5
3254,start,5
641,end,5
1517,end,5
220,end,5
598,end,5
575,end,5
552,end,5
534,end,5
517,end,5
497,end,5
476,end,5
447,end,5
198,end,5
429,end,5
390,end,5
371,end,5
355,end,5
338,end,5
313,end,5
297,end,5
276,end,5
242,end,5
407,end,5
1536,end,5
2024,end,5
1584,end,5
2821,end,5
2794,end,5
2777,end,5
2760,end,5
2743,end,5
2733,end,5
2706,end,5
2682,end,5
2665,end,5
2646,end,5
2623,end,5
2599,end,5
2580,end,5
2556,end,5
2536,end,5
2499,end,5
2483,end,5
2839,end,5
2858,end,5
2880,end,5
2895,end,5
3051,start,5
3273,end,5
3253,end,5
3230,end,5
3208,end,5
3188,end,5
3165,end,5
3144,end,5
2468,end,5
3115,end,5
3065,end,5
3050,end,5
3016,end,5
2997,end,5
2979,end,5
2956,end,5
2937,end,5
2919,end,5
3096,end,5
1560,end,5
2448,end,5
2435,end,5
1940,end,5
1919,end,5
1897,end,5
1877,end,5
1848,end,5
1829,end,5
1816,end,5
1786,end,5
1763,end,5
1739,end,5
1721,end,5
1704,end,5
1681,end,5
1659,end,5
1642,end,5
1616,end,5
1599,end,5
1962,end,5
1980,end,5
2002,end,5
2050,end,5
2408,end,5
2390,end,5
2388,end,5
2353,end,5
2321,end,5
2302,end,5
2282,end,5
2258,end,5
2437,end,5
2242,end,5
2207,end,5
2188,end,5
2171,end,5
2160,end,5
2123,end,5
2107,end,5
2086,end,5
2066,end,5
2226,end,5
3017,start,5
2683,start,5
2980,start,5
725,start,5
706,start,5
688,start,5
669,start,5
642,start,5
623,start,5
599,start,5
576,start,5
553,start,5
535,start,5
518,start,5
498,start,5
477,start,5
448,start,5
430,start,5
408,start,5
391,start,5
753,start,5
372,start,5
775,start,5
816,start,5
1164,start,5
1148,start,5
1122,start,5
1106,start,5
1083,start,5
1064,start,5
1042,start,5
1020,start,5
999,start,5
975,start,5
953,start,5
934,start,5
918,start,5
899,start,5
875,start,5
854,start,5
832,start,5
790,start,5
356,start,5
339,start,5
314,start,5
1517,outsider,5
1505,outsider,5
151,outsider,5
17,outsider,5
3097,outsider,5
2537,outsider,5
2500,outsider,5
2436,outsider,5
2409,outsider,5
2389,outsider,5
2354,outsider,5
1518,outsider,5
1506,outsider,5
1457,outsider,5
132,outsider,5
0,outsider,5
2998,start,5
1536,outsider,5
2388,outsider,5
2390,outsider,5
2435,outsider,5
298,start,5
277,start,5
243,start,5
199,start,5
178,start,5
152,start,5
132,start,5
111,start,5
1185,start,5
91,start,5
53,start,5
36,start,5
18,start,5
0,start,5
3115,outsider,5
2556,outsider,5
2536,outsider,5
2437,outsider,5
73,start,5
1202,start,5
221,start,5
1241,start,5
2484,start,5
2469,start,5
2449,start,5
2438,start,5
2436,start,5
2409,start,5
2391,start,5
2389,start,5
2354,start,5
2322,start,5
2303,start,5
2283,start,5
2259,start,5
2243,start,5
2227,start,5
2208,start,5
2189,start,5
2500,start,5
2537,start,5
2557,start,5
2600,start,5
2957,start,5
1225,start,5
2938,start,5
2920,start,5
2896,start,5
2881,start,5
2859,start,5
2840,start,5
2172,start,5
2822,start,5
2778,start,5
2761,start,5
2744,start,5
2734,start,5
2707,start,5
2666,start,5
2647,start,5
2624,start,5
2795,start,5
2161,start,5
2581,start,5
2108,start,5
1643,start,5
1617,start,5
1600,start,5
1585,start,5
1561,start,5
1537,start,5
1518,start,5
1457,start,5
1660,start,5
1442,start,5
1391,start,5
1369,start,5
1352,start,5
1326,start,5
1305,start,5
2124,start,5
1264,start,5
1283,start,5
1422,start,5
1682,start,5
1506,start,5
1981,start,5
2067,start,5
2025,start,5
2003,start,5
2087,start,5
1963,start,5
1941,start,5
1920,start,5
1705,start,5
1898,start,5
1878,start,5
1849,start,5
1830,start,5
1817,start,5
1787,start,5
1764,start,5
1740,start,5
1722,start,5
2051,start,5
711.0,end,6
689.0,end,6
738.0,end,6
983.0,end,6
647.0,end,6
627.0,end,6
767.0,end,6
611.0,end,6
669.0,end,6
778.0,end,6
916.0,end,6
819.0,end,6
839.0,end,6
861.0,end,6
883.0,end,6
902.0,end,6
936.0,end,6
960.0,end,6
1012.0,end,6
579.0,end,6
797.0,end,6
564.0,end,6
144.0,end,6
514.0,end,6
64.0,end,6
1027.0,end,6
77.0,end,6
98.0,end,6
123.0,end,6
164.0,end,6
186.0,end,6
206.0,end,6
225.0,end,6
249.0,end,6
275.0,end,6
293.0,end,6
312.0,end,6
334.0,end,6
354.0,end,6
378.0,end,6
400.0,end,6
421.0,end,6
441.0,end,6
466.0,end,6
497.0,end,6
537.0,end,6
1048.0,end,6
1833.0,rises,6
1097.0,end,6
1631.0,end,6
1685.0,end,6
1704.0,end,6
1706.0,end,6
1710.0,end,6
1736.0,end,6
1768.0,end,6
1780.0,end,6
1812.0,end,6
1835.0,rises,6
1835.0,rises,6
1835.0,rises,6
1835.0,rises,6
1832.0,rises,6
1831.0,rises,6
1830.0,rises,6
1829.0,rises,6
1834.0,non_positives,6
1835.0,non_positives,6
1836.0,non_positives,6
46.0,end,6
1613.0,end,6
1083.0,end,6
1604.0,end,6
1551.0,end,6
1123.0,end,6
1137.0,end,6
1157.0,end,6
1180.0,end,6
1200.0,end,6
1222.0,end,6
1244.0,end,6
1267.0,end,6
1295.0,end,6
1314.0,end,6
1335.0,end,6
1352.0,end,6
1371.0,end,6
1400.0,end,6
1417.0,end,6
1437.0,end,6
1456.0,end,6
1471.0,end,6
1493.0,end,6
1511.0,end,6
1534.0,end,6
1587.0,end,6
26.0,end,6
565.0,start,6
1769.0,start,6
276.0,start,6
294.0,start,6
313.0,start,6
335.0,start,6
355.0,start,6
379.0,start,6
401.0,start,6
422.0,start,6
442.0,start,6
250.0,start,6
467.0,start,6
515.0,start,6
538.0,start,6
580.0,start,6
612.0,start,6
628.0,start,6
648.0,start,6
670.0,start,6
690.0,start,6
712.0,start,6
498.0,start,6
226.0,start,6
207.0,start,6
1781.0,start,6
2.0,outsider,6
1632.0,outsider,6
1686.0,outsider,6
1705.0,outsider,6
1737.0,outsider,6
1781.0,outsider,6
26.0,outsider,6
1685.0,outsider,6
1704.0,outsider,6
1706.0,outsider,6
1768.0,outsider,6
1812.0,outsider,6
2.0,start,6
27.0,start,6
47.0,start,6
65.0,start,6
78.0,start,6
99.0,start,6
124.0,start,6
145.0,start,6
165.0,start,6
739.0,start,6
768.0,start,6
187.0,start,6
798.0,start,6
1353.0,start,6
1372.0,start,6
1401.0,start,6
1418.0,start,6
1438.0,start,6
1457.0,start,6
1472.0,start,6
1494.0,start,6
1512.0,start,6
1336.0,start,6
1552.0,start,6
1605.0,start,6
1614.0,start,6
1632.0,start,6
1686.0,start,6
1705.0,start,6
1707.0,start,6
1711.0,start,6
1737.0,start,6
779.0,start,6
1588.0,start,6
1315.0,start,6
1535.0,start,6
1268.0,start,6
820.0,start,6
1296.0,start,6
840.0,start,6
862.0,start,6
884.0,start,6
903.0,start,6
917.0,start,6
961.0,start,6
984.0,start,6
1013.0,start,6
1028.0,start,6
937.0,start,6
1049.0,start,6
1245.0,start,6
1201.0,start,6
1181.0,start,6
1158.0,start,6
1223.0,start,6
1124.0,start,6
1098.0,start,6
1084.0,start,6
1138.0,start,6
396.0,end,7
566.0,end,7
588.0,end,7
551.0,end,7
532.0,end,7
500.0,end,7
482.0,end,7
462.0,end,7
447.0,end,7
423.0,end,7
372.0,end,7
116.0,end,7
336.0,end,7
311.0,end,7
284.0,end,7
255.0,end,7
213.0,end,7
193.0,end,7
175.0,end,7
152.0,end,7
137.0,end,7
98.0,end,7
611.0,end,7
351.0,end,7
630.0,end,7
922.0,singularities,7
671.0,end,7
86.0,end,7
919.0,non_positives,7
921.0,singularities,7
246.0,rises,7
248.0,rises,7
249.0,rises,7
250.0,rises,7
251.0,rises,7
252.0,rises,7
253.0,rises,7
254.0,rises,7
255.0,rises,7
256.0,rises,7
257.0,rises,7
258.0,rises,7
918.0,end,7
839.0,end,7
808.0,end,7
795.0,end,7
785.0,end,7
737.0,end,7
718.0,end,7
694.0,end,7
650.0,end,7
69.0,end,7
247.0,rises,7
27.0,end,7
194.0,start,7
176.0,start,7
153.0,start,7
138.0,start,7
117.0,start,7
99.0,start,7
87.0,start,7
70.0,start,7
53.0,start,7
28.0,start,7
0.0,start,7
918.0,outsider,7
808.0,outsider,7
795.0,outsider,7
311.0,outsider,7
152.0,outsider,7
27.0,outsider,7
840.0,outsider,7
52.0,end,7
786.0,outsider,7
285.0,outsider,7
138.0,outsider,7
0.0,outsider,7
214.0,start,7
257.0,start,7
796.0,outsider,7
312.0,start,7
285.0,start,7
840.0,start,7
809.0,start,7
796.0,start,7
738.0,start,7
719.0,start,7
695.0,start,7
672.0,start,7
651.0,start,7
631.0,start,7
612.0,start,7
589.0,start,7
786.0,start,7
552.0,start,7
567.0,start,7
352.0,start,7
337.0,start,7
397.0,start,7
424.0,start,7
373.0,start,7
448.0,start,7
463.0,start,7
483.0,start,7
501.0,start,7
533.0,start,7
1035,end,8
1014,end,8
999,end,8
987,end,8
952,end,8
926,end,8
905,end,8
1056,end,8
883,end,8
764,end,8
835,end,8
803,end,8
783,end,8
748,end,8
725,end,8
700,end,8
1082,end,8
679,end,8
855,end,8
1100,end,8
1383,end,8
1138,end,8
668,end,8
1507,end,8
1486,end,8
1470,end,8
1452,end,8
1434,end,8
1415,end,8
1399,end,8
1118,end,8
1352,end,8
1308,end,8
1289,end,8
1267,end,8
1248,end,8
1225,end,8
1200,end,8
1181,end,8
1166,end,8
1329,end,8
640,end,8
84,end,8
592,end,8
98,end,8
1523,end,8
55,end,8
41,end,8
13,end,8
3350,start,8
3334,start,8
3320,start,8
112,end,8
3288,start,8
3253,start,8
3235,start,8
3211,start,8
3189,start,8
3169,start,8
3153,start,8
3135,start,8
3110,start,8
3267,start,8
617,end,8
139,end,8
177,end,8
574,end,8
553,end,8
543,end,8
502,end,8
478,end,8
460,end,8
440,end,8
415,end,8
152,end,8
392,end,8
352,end,8
325,end,8
304,end,8
281,end,8
259,end,8
233,end,8
213,end,8
198,end,8
370,end,8
1540,end,8
2144,end,8
1581,end,8
2926,end,8
2902,end,8
2881,end,8
2864,end,8
2842,end,8
2814,end,8
2799,end,8
2778,end,8
2947,end,8
2761,end,8
2723,end,8
2707,end,8
2688,end,8
2667,end,8
2646,end,8
2626,end,8
2607,end,8
2587,end,8
2738,end,8
2567,end,8
2963,end,8
3003,end,8
3375,end,8
3349,end,8
3333,end,8
3319,end,8
3287,end,8
3266,end,8
3252,end,8
3234,end,8
2983,end,8
3210,end,8
3168,end,8
3152,end,8
3134,end,8
3109,end,8
3092,end,8
3068,end,8
3047,end,8
3029,end,8
3188,end,8
2545,end,8
2521,end,8
2498,end,8
1968,end,8
1950,end,8
1930,end,8
1906,end,8
1878,end,8
1856,end,8
1842,end,8
1828,end,8
1985,end,8
1791,end,8
1748,end,8
1728,end,8
1709,end,8
1682,end,8
1666,end,8
1647,end,8
1624,end,8
1605,end,8
1772,end,8
2008,end,8
2023,end,8
2035,end,8
2478,end,8
2457,end,8
2440,end,8
2422,end,8
2399,end,8
2382,end,8
2356,end,8
2331,end,8
2315,end,8
2289,end,8
2268,end,8
2251,end,8
2220,end,8
2214,end,8
2198,end,8
2189,end,8
3093,start,8
2103,end,8
2078,end,8
1561,end,8
3069,start,8
870,end,8
3030,start,8
680,start,8
669,start,8
641,start,8
618,start,8
593,start,8
575,start,8
554,start,8
544,start,8
701,start,8
503,start,8
461,start,8
441,start,8
416,start,8
393,start,8
371,start,8
353,start,8
326,start,8
305,start,8
479,start,8
282,start,8
726,start,8
765,start,8
1139,start,8
1119,start,8
1101,start,8
1083,start,8
1057,start,8
1036,start,8
1015,start,8
1000,start,8
749,start,8
988,start,8
927,start,8
906,start,8
884,start,8
871,start,8
856,start,8
836,start,8
804,start,8
784,start,8
953,start,8
260,start,8
234,start,8
214,start,8
543,outsider,8
152,outsider,8
13,outsider,8
2724,outsider,8
2215,outsider,8
2199,outsider,8
2190,outsider,8
2145,outsider,8
1523,outsider,8
2104,outsider,8
2036,outsider,8
1843,outsider,8
3048,start,8
1792,outsider,8
1508,outsider,8
503,outsider,8
140,outsider,8
0,outsider,8
2079,outsider,8
1828,outsider,8
1842,outsider,8
1856,outsider,8
199,start,8
178,start,8
153,start,8
140,start,8
113,start,8
99,start,8
85,start,8
56,start,8
42,start,8
14,start,8
0,start,8
2738,outsider,8
2220,outsider,8
2214,outsider,8
2198,outsider,8
2189,outsider,8
2144,outsider,8
2103,outsider,8
2078,outsider,8
1167,start,8
1182,start,8
1829,outsider,8
1226,start,8
2546,start,8
2522,start,8
2499,start,8
2479,start,8
2458,start,8
2441,start,8
2423,start,8
2400,start,8
2568,start,8
2383,start,8
2332,start,8
2316,start,8
2290,start,8
2269,start,8
2252,start,8
2221,start,8
2215,start,8
2199,start,8
2357,start,8
2588,start,8
2608,start,8
2627,start,8
1201,start,8
3004,start,8
2984,start,8
2964,start,8
2927,start,8
2903,start,8
2882,start,8
2865,start,8
2843,start,8
2815,start,8
2800,start,8
2779,start,8
2762,start,8
2739,start,8
2724,start,8
2708,start,8
2689,start,8
2668,start,8
2647,start,8
2190,start,8
2145,start,8
2948,start,8
2079,start,8
1606,start,8
1582,start,8
1562,start,8
1541,start,8
1524,start,8
1508,start,8
1487,start,8
1471,start,8
1625,start,8
1453,start,8
1416,start,8
1400,start,8
1384,start,8
1353,start,8
1330,start,8
1309,start,8
1268,start,8
2104,start,8
1435,start,8
1648,start,8
1290,start,8
1683,start,8
2036,start,8
1667,start,8
2024,start,8
2009,start,8
1986,start,8
1969,start,8
1951,start,8
1931,start,8
1907,start,8
1249,start,8
1710,start,8
1857,start,8
1843,start,8
1829,start,8
1792,start,8
1773,start,8
1879,start,8
1749,start,8
1729,start,8
1014,end,9
996,end,9
968,end,9
945,end,9
929,end,9
908,end,9
885,end,9
1483,end,9
840,end,9
1029,end,9
802,end,9
777,end,9
760,end,9
738,end,9
715,end,9
695,end,9
866,end,9
820,end,9
1151,end,9
1077,end,9
1461,end,9
670,end,9
1440,end,9
1421,end,9
1396,end,9
1375,end,9
1356,end,9
1336,end,9
1320,end,9
1296,end,9
1273,end,9
1235,end,9
1213,end,9
1188,end,9
1166,end,9
1121,end,9
1099,end,9
1047,end,9
1253,end,9
232,end,9
639,end,9
130,end,9
104,end,9
91,end,9
75,end,9
53,end,9
39,end,9
24,end,9
3271,start,9
3253,start,9
3234,start,9
3213,start,9
3193,start,9
3173,start,9
3154,start,9
3134,start,9
1502,end,9
3114,start,9
144,end,9
648,end,9
160,end,9
206,end,9
592,end,9
575,end,9
554,end,9
528,end,9
507,end,9
484,end,9
462,end,9
438,end,9
420,end,9
395,end,9
374,end,9
353,end,9
337,end,9
315,end,9
291,end,9
270,end,9
249,end,9
185,end,9
1519,end,9
2434,end,9
1561,end,9
2835,end,9
2818,end,9
2799,end,9
2785,end,9
2764,end,9
2741,end,9
2725,end,9
2710,end,9
2671,end,9
2641,end,9
2597,end,9
2575,end,9
2550,end,9
2534,end,9
2520,end,9
2498,end,9
2476,end,9
2855,end,9
2455,end,9
2874,end,9
2923,end,9
3093,start,9
3293,end,9
3270,end,9
3252,end,9
3233,end,9
3212,end,9
3192,end,9
3172,end,9
3153,end,9
3133,end,9
3113,end,9
3092,end,9
3064,end,9
3048,end,9
3030,end,9
3006,end,9
2985,end,9
2895,end,9
1540,end,9
2414,end,9
2376,end,9
1911,end,9
1892,end,9
1865,end,9
1847,end,9
1830,end,9
1811,end,9
1790,end,9
1765,end,9
1748,end,9
1732,end,9
1706,end,9
1685,end,9
1668,end,9
1647,end,9
1625,end,9
1603,end,9
1584,end,9
1928,end,9
2395,end,9
1947,end,9
1983,end,9
2362,end,9
2342,end,9
2314,end,9
2294,end,9
2275,end,9
2240,end,9
2228,end,9
2213,end,9
2197,end,9
2151,end,9
2131,end,9
2109,end,9
2091,end,9
2068,end,9
2055,end,9
2027,end,9
2006,end,9
1966,end,9
3065,start,9
161,start,9
3031,start,9
761,start,9
739,start,9
716,start,9
696,start,9
671,start,9
649,start,9
640,start,9
778,start,9
593,start,9
555,start,9
529,start,9
508,start,9
485,start,9
463,start,9
439,start,9
421,start,9
576,start,9
803,start,9
821,start,9
841,start,9
1214,start,9
1189,start,9
1167,start,9
1152,start,9
1122,start,9
1100,start,9
1078,start,9
1048,start,9
1030,start,9
1015,start,9
997,start,9
969,start,9
946,start,9
930,start,9
909,start,9
886,start,9
867,start,9
396,start,9
375,start,9
354,start,9
338,start,9
2213,outsider,9
2197,outsider,9
1519,outsider,9
3049,start,9
639,outsider,9
24,outsider,9
2924,outsider,9
2711,outsider,9
2672,outsider,9
2598,outsider,9
2214,outsider,9
2198,outsider,9
2152,outsider,9
1503,outsider,9
640,outsider,9
593,outsider,9
0,outsider,9
2228,outsider,9
1236,start,9
2641,outsider,9
2725,outsider,9
316,start,9
292,start,9
271,start,9
250,start,9
233,start,9
207,start,9
186,start,9
145,start,9
131,start,9
105,start,9
92,start,9
76,start,9
54,start,9
40,start,9
25,start,9
0,start,9
2985,outsider,9
2710,outsider,9
1254,start,9
648,outsider,9
1297,start,9
2499,start,9
2477,start,9
2456,start,9
2435,start,9
2415,start,9
2396,start,9
2377,start,9
2521,start,9
2363,start,9
2315,start,9
2295,start,9
2276,start,9
2241,start,9
2229,start,9
2214,start,9
2198,start,9
2343,start,9
2535,start,9
2576,start,9
2598,start,9
1274,start,9
3007,start,9
2986,start,9
2924,start,9
2896,start,9
2875,start,9
2856,start,9
2836,start,9
2819,start,9
2800,start,9
2786,start,9
2765,start,9
2742,start,9
2726,start,9
2711,start,9
2672,start,9
2642,start,9
2152,start,9
2132,start,9
2551,start,9
2092,start,9
1648,start,9
1626,start,9
1604,start,9
1585,start,9
1562,start,9
1541,start,9
1503,start,9
1484,start,9
1462,start,9
1441,start,9
1422,start,9
1397,start,9
1376,start,9
1357,start,9
1337,start,9
2110,start,9
1321,start,9
1669,start,9
1686,start,9
1520,start,9
1893,start,9
1707,start,9
2028,start,9
2007,start,9
1984,start,9
1967,start,9
1948,start,9
2069,start,9
1929,start,9
1912,start,9
2056,start,9
1866,start,9
1848,start,9
1831,start,9
1812,start,9
1791,start,9
1766,start,9
1749,start,9
1733,start,9
255,end,10
281,end,10
859,start,10
339,end,10
317,end,10
235,end,10
360,end,10
292,end,10
208,end,10
32,end,10
166,end,10
150,end,10
129,end,10
103,end,10
85,end,10
65,end,10
53,end,10
821,start,10
381,end,10
191,end,10
399,end,10
798,end,10
450,end,10
865,end,10
799,start,10
858,end,10
820,end,10
781,end,10
759,end,10
738,end,10
723,end,10
701,end,10
417,end,10
683,end,10
635,end,10
616,end,10
597,end,10
576,end,10
553,end,10
537,end,10
507,end,10
490,end,10
470,end,10
663,end,10
782,start,10
418,start,10
739,start,10
209,start,10
192,start,10
167,start,10
151,start,10
130,start,10
104,start,10
86,start,10
66,start,10
54,start,10
2,start,10
865,outsider,10
858,outsider,10
150,outsider,10
32,outsider,10
859,outsider,10
821,outsider,10
130,outsider,10
2,outsider,10
760,start,10
236,start,10
256,start,10
33,start,10
293,start,10
724,start,10
282,start,10
702,start,10
684,start,10
664,start,10
636,start,10
598,start,10
577,start,10
554,start,10
538,start,10
617,start,10
508,start,10
318,start,10
361,start,10
382,start,10
400,start,10
340,start,10
471,start,10
491,start,10
451,start,10
243,end,11
386,end,11
404,end,11
364,end,11
344,end,11
323,end,11
298,end,11
279,end,11
260,end,11
216,end,11
20,end,11
184,end,11
160,end,11
140,end,11
121,end,11
104,end,11
86,end,11
65,end,11
37,end,11
930,start,11
430,end,11
200,end,11
450,end,11
910,end,11
494,end,11
911,start,11
929,end,11
892,end,11
856,end,11
842,end,11
822,end,11
804,end,11
788,end,11
766,end,11
748,end,11
726,end,11
703,end,11
685,end,11
949,end,11
646,end,11
617,end,11
599,end,11
579,end,11
558,end,11
536,end,11
517,end,11
473,end,11
893,start,11
663,end,11
843,start,11
280,start,11
261,start,11
244,start,11
217,start,11
201,start,11
161,start,11
141,start,11
122,start,11
105,start,11
87,start,11
66,start,11
38,start,11
21,start,11
0,start,11
892,outsider,11
121,outsider,11
20,outsider,11
857,outsider,11
105,outsider,11
0,outsider,11
857,start,11
299,start,11
324,start,11
185,start,11
365,start,11
823,start,11
805,start,11
789,start,11
345,start,11
749,start,11
727,start,11
704,start,11
686,start,11
664,start,11
647,start,11
618,start,11
767,start,11
580,start,11
600,start,11
387,start,11
405,start,11
451,start,11
474,start,11
431,start,11
518,start,11
537,start,11
559,start,11
495,start,11
107.0,end,12
210.0,end,12
126.0,end,12
144.0,end,12
160.0,end,12
181.0,end,12
426.0,end,12
437.0,rises,12
437.0,rises,12
437.0,rises,12
437.0,rises,12
437.0,rises,12
437.0,rises,12
437.0,rises,12
91.0,end,12
436.0,rises,12
69.0,end,12
437.0,rises,12
30.0,end,12
44.0,end,12
0.0,outsider,12
211.0,outsider,12
30.0,outsider,12
0.0,start,12
31.0,start,12
45.0,start,12
426.0,outsider,12
92.0,start,12
108.0,start,12
127.0,start,12
145.0,start,12
161.0,start,12
182.0,start,12
211.0,start,12
70.0,start,12
990,end,13
1117,end,13
1101,end,13
1088,end,13
1060,end,13
1033,end,13
1011,end,13
970,end,13
820,end,13
922,end,13
899,end,13
878,end,13
851,end,13
833,end,13
1137,end,13
807,end,13
948,end,13
1165,end,13
1341,end,13
1214,end,13
1563,end,13
1541,end,13
1515,end,13
1506,end,13
1482,end,13
1465,end,13
1447,end,13
1424,end,13
1407,end,13
1379,end,13
1357,end,13
740,end,13
1322,end,13
1302,end,13
1279,end,13
1254,end,13
1233,end,13
1190,end,13
721,end,13
537,end,13
681,end,13
191,end,13
170,end,13
146,end,13
136,end,13
128,end,13
118,end,13
80,end,13
22,end,13
3327,start,13
3310,start,13
3291,start,13
3272,start,13
3254,start,13
3232,start,13
3204,start,13
3189,start,13
1590,end,13
219,end,13
700,end,13
240,end,13
278,end,13
665,end,13
638,end,13
612,end,13
602,end,13
578,end,13
556,end,13
520,end,13
496,end,13
474,end,13
446,end,13
426,end,13
402,end,13
385,end,13
365,end,13
343,end,13
312,end,13
299,end,13
261,end,13
1614,end,13
2511,end,13
1660,end,13
2929,end,13
2912,end,13
2885,end,13
2869,end,13
2852,end,13
2834,end,13
2810,end,13
2793,end,13
2773,end,13
2745,end,13
2733,end,13
2708,end,13
2676,end,13
2642,end,13
2623,end,13
2591,end,13
2566,end,13
2950,end,13
2554,end,13
2971,end,13
3010,end,13
3350,end,13
3326,end,13
3309,end,13
3290,end,13
3271,end,13
3253,end,13
3231,end,13
3203,end,13
3188,end,13
3170,end,13
3149,end,13
3132,end,13
3110,end,13
3095,end,13
3074,end,13
3058,end,13
3026,end,13
2989,end,13
1640,end,13
2538,end,13
2485,end,13
2024,end,13
1996,end,13
1975,end,13
1961,end,13
1937,end,13
1918,end,13
1887,end,13
1869,end,13
1846,end,13
1822,end,13
1803,end,13
1787,end,13
1763,end,13
1746,end,13
1727,end,13
1711,end,13
1680,end,13
2040,end,13
3171,start,13
2059,end,13
2107,end,13
2467,end,13
2439,end,13
2421,end,13
2399,end,13
2380,end,13
2358,end,13
2337,end,13
2305,end,13
2287,end,13
2266,end,13
2249,end,13
2225,end,13
2205,end,13
2185,end,13
2173,end,13
2155,end,13
2133,end,13
2080,end,13
3150,start,13
763,end,13
3111,start,13
834,start,13
821,start,13
808,start,13
764,start,13
741,start,13
722,start,13
701,start,13
682,start,13
666,start,13
639,start,13
613,start,13
603,start,13
579,start,13
557,start,13
538,start,13
521,start,13
497,start,13
852,start,13
475,start,13
879,start,13
923,start,13
1303,start,13
1280,start,13
1255,start,13
1234,start,13
1215,start,13
1191,start,13
1166,start,13
1138,start,13
1118,start,13
1102,start,13
1089,start,13
1061,start,13
1034,start,13
1012,start,13
991,start,13
971,start,13
949,start,13
900,start,13
1323,start,13
427,start,13
386,start,13
146,outsider,13
136,outsider,13
128,outsider,13
118,outsider,13
80,outsider,13
22,outsider,13
2709,outsider,13
2677,outsider,13
2643,outsider,13
764,outsider,13
137,outsider,13
129,outsider,13
119,outsider,13
81,outsider,13
23,outsider,13
0,outsider,13
3133,start,13
807,outsider,13
403,start,13
2676,outsider,13
2733,outsider,13
366,start,13
344,start,13
313,start,13
300,start,13
279,start,13
262,start,13
241,start,13
220,start,13
192,start,13
171,start,13
147,start,13
137,start,13
129,start,13
119,start,13
81,start,13
23,start,13
0,start,13
2708,outsider,13
1342,start,13
447,start,13
1380,start,13
2624,start,13
2592,start,13
2567,start,13
2555,start,13
2539,start,13
2512,start,13
2486,start,13
2468,start,13
2440,start,13
2422,start,13
2400,start,13
2381,start,13
2359,start,13
2338,start,13
2306,start,13
2288,start,13
2267,start,13
2677,start,13
2709,start,13
2734,start,13
2746,start,13
3096,start,13
1358,start,13
3075,start,13
3059,start,13
3027,start,13
3011,start,13
2990,start,13
2972,start,13
2250,start,13
2951,start,13
2913,start,13
2886,start,13
2870,start,13
2853,start,13
2835,start,13
2811,start,13
2794,start,13
2774,start,13
2930,start,13
2226,start,13
2643,start,13
2206,start,13
1764,start,13
1747,start,13
1728,start,13
1712,start,13
1681,start,13
1661,start,13
1641,start,13
1615,start,13
1591,start,13
1564,start,13
1542,start,13
1516,start,13
1507,start,13
1483,start,13
1466,start,13
1448,start,13
1408,start,13
1788,start,13
1804,start,13
1425,start,13
1847,start,13
1823,start,13
2186,start,13
2174,start,13
2156,start,13
2134,start,13
2108,start,13
2060,start,13
2041,start,13
2081,start,13
1997,start,13
1976,start,13
1962,start,13
1938,start,13
1919,start,13
1888,start,13
1870,start,13
2025,start,13
1067,end,14
1177,end,14
1154,end,14
1137,end,14
1113,end,14
1088,end,14
1192,end,14
1046,end,14
877,end,14
1001,end,14
984,end,14
955,end,14
931,end,14
910,end,14
896,end,14
1219,end,14
851,end,14
831,end,14
1026,end,14
1247,end,14
1445,end,14
1311,end,14
813,end,14
1676,end,14
1635,end,14
1657,end,14
1612,end,14
1595,end,14
1569,end,14
1550,end,14
1295,end,14
1524,end,14
1495,end,14
1469,end,14
1429,end,14
1409,end,14
1388,end,14
1366,end,14
1348,end,14
1328,end,14
1515,end,14
787,end,14
3385,start,14
758,end,14
235,end,14
213,end,14
189,end,14
169,end,14
152,end,14
144,end,14
110,end,14
88,end,14
254,end,14
73,end,14
33,end,14
11,end,14
3445,start,14
3430,start,14
3412,start,14
3364,start,14
1699,end,14
3346,start,14
56,end,14
775,end,14
280,end,14
326,end,14
747,end,14
693,end,14
671,end,14
650,end,14
630,end,14
608,end,14
586,end,14
568,end,14
308,end,14
544,end,14
497,end,14
481,end,14
455,end,14
435,end,14
416,end,14
388,end,14
368,end,14
345,end,14
516,end,14
1721,end,14
3384,end,14
1762,end,14
2984,end,14
2960,end,14
2939,end,14
2919,end,14
2902,end,14
2883,end,14
2871,end,14
2857,end,14
3004,end,14
2843,end,14
2804,end,14
2782,end,14
2770,end,14
2741,end,14
2725,end,14
2710,end,14
2695,end,14
2676,end,14
2823,end,14
2652,end,14
3030,end,14
3065,end,14
3322,start,14
3444,end,14
3429,end,14
3411,end,14
3363,end,14
3345,end,14
3321,end,14
3301,end,14
3047,end,14
3279,end,14
3241,end,14
3221,end,14
3200,end,14
3182,end,14
3161,end,14
3137,end,14
3111,end,14
3091,end,14
3263,end,14
1740,end,14
2631,end,14
2591,end,14
2139,end,14
2115,end,14
2100,end,14
2081,end,14
2062,end,14
2037,end,14
2016,end,14
1996,end,14
2160,end,14
1969,end,14
1925,end,14
1906,end,14
1888,end,14
1869,end,14
1847,end,14
1826,end,14
1805,end,14
1778,end,14
1946,end,14
2611,end,14
2182,end,14
2219,end,14
2572,end,14
2550,end,14
2530,end,14
2515,end,14
2491,end,14
2474,end,14
2445,end,14
2427,end,14
2205,end,14
2409,end,14
2367,end,14
3467,end,14
2349,end,14
2318,end,14
2299,end,14
2287,end,14
2272,end,14
2246,end,14
2385,end,14
3302,start,14
832,start,14
3264,start,14
956,start,14
932,start,14
911,start,14
897,start,14
878,start,14
852,start,14
814,start,14
788,start,14
776,start,14
759,start,14
748,start,14
694,start,14
672,start,14
651,start,14
631,start,14
609,start,14
587,start,14
985,start,14
1002,start,14
1027,start,14
1047,start,14
1446,start,14
1430,start,14
1410,start,14
1389,start,14
1367,start,14
1349,start,14
1329,start,14
1312,start,14
569,start,14
1296,start,14
1220,start,14
1193,start,14
1178,start,14
1155,start,14
1138,start,14
1114,start,14
1089,start,14
1068,start,14
1248,start,14
545,start,14
498,start,14
482,start,14
0,start,14
2883,outsider,14
2741,outsider,14
1311,outsider,14
1295,outsider,14
775,outsider,14
758,outsider,14
747,outsider,14
12,start,14
11,outsider,14
2726,outsider,14
1296,outsider,14
1248,outsider,14
759,outsider,14
748,outsider,14
694,outsider,14
0,outsider,14
3280,start,14
2872,outsider,14
1470,start,14
34,start,14
74,start,14
456,start,14
436,start,14
417,start,14
389,start,14
369,start,14
346,start,14
327,start,14
309,start,14
57,start,14
281,start,14
236,start,14
214,start,14
190,start,14
170,start,14
153,start,14
145,start,14
111,start,14
89,start,14
255,start,14
1496,start,14
517,start,14
1525,start,14
2805,start,14
2783,start,14
2771,start,14
2742,start,14
2726,start,14
2711,start,14
2696,start,14
2677,start,14
2844,start,14
2653,start,14
2612,start,14
2592,start,14
2573,start,14
2551,start,14
2531,start,14
2516,start,14
2492,start,14
2475,start,14
2632,start,14
2446,start,14
2858,start,14
2884,start,14
3242,start,14
1516,start,14
3222,start,14
3201,start,14
3183,start,14
3162,start,14
3138,start,14
3112,start,14
2872,start,14
3092,start,14
3048,start,14
3031,start,14
3005,start,14
2985,start,14
2961,start,14
2940,start,14
2920,start,14
2903,start,14
3066,start,14
2428,start,14
2824,start,14
2410,start,14
1926,start,14
1907,start,14
1889,start,14
1870,start,14
1848,start,14
1827,start,14
1779,start,14
1763,start,14
1947,start,14
1741,start,14
1700,start,14
1677,start,14
1658,start,14
1636,start,14
1613,start,14
1596,start,14
1570,start,14
1551,start,14
1722,start,14
1970,start,14
1806,start,14
2273,start,14
1997,start,14
2350,start,14
2319,start,14
2300,start,14
2288,start,14
2247,start,14
2220,start,14
2368,start,14
2183,start,14
2206,start,14
2140,start,14
2116,start,14
2101,start,14
2082,start,14
2063,start,14
2038,start,14
2017,start,14
2161,start,14
2386,start,14
2283.0,rises,15
2349.0,rises,15
2542.0,rises,15
2283.0,end,15
1635.0,rises,15
1987.0,rises,15
1986.0,rises,15
1222.0,rises,15
1636.0,rises,15
2319.0,end,15
2530.0,end,15
2526.0,end,15
2490.0,end,15
2448.0,end,15
2426.0,end,15
2405.0,end,15
2369.0,end,15
2282.0,rises,15
1223.0,rises,15
2348.0,rises,15
1631.0,rises,15
1221.0,rises,15
2256.0,end,15
1982.0,rises,15
2278.0,rises,15
1218.0,rises,15
2345.0,rises,15
2279.0,rises,15
1983.0,rises,15
1632.0,rises,15
1219.0,rises,15
2346.0,rises,15
2280.0,rises,15
1984.0,rises,15
1633.0,rises,15
1220.0,rises,15
2540.0,rises,15
2347.0,rises,15
2281.0,rises,15
1985.0,rises,15
1634.0,rises,15
2541.0,rises,15
2217.0,end,15
1161.0,end,15
2172.0,end,15
1498.0,end,15
1478.0,end,15
1458.0,end,15
1441.0,end,15
1417.0,end,15
1405.0,end,15
1386.0,end,15
1360.0,end,15
1337.0,end,15
1320.0,end,15
1295.0,end,15
1279.0,end,15
1262.0,end,15
1226.0,end,15
1213.0,end,15
1176.0,end,15
1141.0,end,15
1108.0,end,15
2344.0,rises,15
1521.0,end,15
2192.0,end,15
1547.0,end,15
1574.0,end,15
2141.0,end,15
2132.0,end,15
2085.0,end,15
2071.0,end,15
2049.0,end,15
2007.0,end,15
1977.0,end,15
1950.0,end,15
1910.0,end,15
1891.0,end,15
1867.0,end,15
1841.0,end,15
1818.0,end,15
1789.0,end,15
1738.0,end,15
1704.0,end,15
1661.0,end,15
1623.0,end,15
1595.0,end,15
1556.0,end,15
1217.0,rises,15
2245.0,rises,15
1981.0,rises,15
2297.0,rises,15
2257.0,rises,15
1610.0,rises,15
2299.0,rises,15
2258.0,rises,15
1611.0,rises,15
2303.0,rises,15
2259.0,rises,15
1609.0,rises,15
1612.0,rises,15
2260.0,rises,15
1613.0,rises,15
2311.0,rises,15
2261.0,rises,15
1614.0,rises,15
2315.0,rises,15
2262.0,rises,15
1615.0,rises,15
2307.0,rises,15
2256.0,rises,15
2295.0,rises,15
1608.0,rises,15
1086.0,end,15
2242.0,rises,15
2243.0,rises,15
2244.0,rises,15
2246.0,rises,15
2247.0,rises,15
2249.0,rises,15
2250.0,rises,15
2251.0,rises,15
2252.0,rises,15
1605.0,rises,15
2289.0,rises,15
2253.0,rises,15
1606.0,rises,15
2291.0,rises,15
2254.0,rises,15
1607.0,rises,15
2293.0,rises,15
2255.0,rises,15
2319.0,rises,15
2263.0,rises,15
1616.0,rises,15
2323.0,rises,15
2338.0,rises,15
2272.0,rises,15
1625.0,rises,15
2339.0,rises,15
2273.0,rises,15
1626.0,rises,15
2340.0,rises,15
2274.0,rises,15
1627.0,rises,15
2341.0,rises,15
2275.0,rises,15
1979.0,rises,15
1628.0,rises,15
2342.0,rises,15
2276.0,rises,15
1980.0,rises,15
1629.0,rises,15
2343.0,rises,15
2277.0,rises,15
1624.0,rises,15
1630.0,rises,15
2271.0,rises,15
1623.0,rises,15
2264.0,rises,15
1617.0,rises,15
2327.0,rises,15
2265.0,rises,15
1618.0,rises,15
2331.0,rises,15
2266.0,rises,15
1619.0,rises,15
2333.0,rises,15
2267.0,rises,15
1620.0,rises,15
2334.0,rises,15
2268.0,rises,15
1621.0,rises,15
2335.0,rises,15
2269.0,rises,15
1622.0,rises,15
2336.0,rises,15
2270.0,rises,15
2337.0,rises,15
1070.0,end,15
2248.0,rises,15
1030.0,end,15
824.0,start,15
803.0,start,15
786.0,start,15
760.0,start,15
738.0,start,15
718.0,start,15
702.0,start,15
685.0,start,15
840.0,start,15
668.0,start,15
616.0,start,15
597.0,start,15
572.0,start,15
547.0,start,15
532.0,start,15
511.0,start,15
493.0,start,15
471.0,start,15
638.0,start,15
866.0,start,15
884.0,start,15
924.0,start,15
1338.0,start,15
1321.0,start,15
1296.0,start,15
1280.0,start,15
1263.0,start,15
1228.0,start,15
1214.0,start,15
1177.0,start,15
1162.0,start,15
1142.0,start,15
1109.0,start,15
1087.0,start,15
1071.0,start,15
1050.0,start,15
1031.0,start,15
1009.0,start,15
995.0,start,15
973.0,start,15
945.0,start,15
450.0,start,15
427.0,start,15
404.0,start,15
381.0,start,15
2256.0,outsider,15
2141.0,outsider,15
2132.0,outsider,15
1950.0,outsider,15
1818.0,outsider,15
1789.0,outsider,15
25.0,outsider,15
2527.0,outsider,15
2491.0,outsider,15
2450.0,outsider,15
2257.0,outsider,15
2218.0,outsider,15
1049.0,end,15
2133.0,outsider,15
2086.0,outsider,15
1911.0,outsider,15
1790.0,outsider,15
1739.0,outsider,15
0.0,outsider,15
2283.0,outsider,15
1361.0,start,15
2490.0,outsider,15
2530.0,outsider,15
358.0,start,15
337.0,start,15
315.0,start,15
294.0,start,15
274.0,start,15
257.0,start,15
232.0,start,15
209.0,start,15
188.0,start,15
174.0,start,15
159.0,start,15
145.0,start,15
130.0,start,15
112.0,start,15
101.0,start,15
81.0,start,15
52.0,start,15
26.0,start,15
0.0,start,15
2526.0,outsider,15
1387.0,start,15
904.0,start,15
1418.0,start,15
531.0,end,15
510.0,end,15
492.0,end,15
470.0,end,15
449.0,end,15
426.0,end,15
403.0,end,15
380.0,end,15
357.0,end,15
336.0,end,15
314.0,end,15
293.0,end,15
273.0,end,15
256.0,end,15
231.0,end,15
208.0,end,15
187.0,end,15
173.0,end,15
158.0,end,15
546.0,end,15
144.0,end,15
1406.0,start,15
615.0,end,15
1008.0,end,15
994.0,end,15
972.0,end,15
944.0,end,15
923.0,end,15
903.0,end,15
883.0,end,15
865.0,end,15
839.0,end,15
823.0,end,15
802.0,end,15
785.0,end,15
759.0,end,15
737.0,end,15
717.0,end,15
701.0,end,15
684.0,end,15
667.0,end,15
637.0,end,15
596.0,end,15
129.0,end,15
571.0,end,15
100.0,end,15
1911.0,start,15
1892.0,start,15
1868.0,start,15
1842.0,start,15
1819.0,start,15
1790.0,start,15
1739.0,start,15
1663.0,start,15
1625.0,start,15
1596.0,start,15
1575.0,start,15
1557.0,start,15
1548.0,start,15
1522.0,start,15
1499.0,start,15
1479.0,start,15
1459.0,start,15
1442.0,start,15
111.0,end,15
1951.0,start,15
1978.0,start,15
1705.0,start,15
2008.0,start,15
80.0,end,15
51.0,end,15
25.0,end,15
2527.0,start,15
2491.0,start,15
2450.0,start,15
2406.0,start,15
2371.0,start,15
2321.0,start,15
2284.0,start,15
2427.0,start,15
2218.0,start,15
2193.0,start,15
2173.0,start,15
2142.0,start,15
2133.0,start,15
2086.0,start,15
2072.0,start,15
2257.0,start,15
2050.0,start,15
353,end,16
210,end,16
239,end,16
258,end,16
326,end,16
286,end,16
303,end,16
182,end,16
269,end,16
163,end,16
846,start,16
106,end,16
91,end,16
74,end,16
64,end,16
38,end,16
12,end,16
868,start,16
823,start,16
372,end,16
144,end,16
406,end,16
867,end,16
437,end,16
803,start,16
905,end,16
845,end,16
822,end,16
802,end,16
776,end,16
757,end,16
735,end,16
709,end,16
691,end,16
669,end,16
647,end,16
627,end,16
606,end,16
580,end,16
567,end,16
543,end,16
525,end,16
496,end,16
479,end,16
455,end,16
418,end,16
777,start,16
129,end,16
736,start,16
183,start,16
164,start,16
145,start,16
130,start,16
107,start,16
92,start,16
75,start,16
65,start,16
39,start,16
13,start,16
0,start,16
406,outsider,16
163,outsider,16
64,outsider,16
12,outsider,16
373,outsider,16
145,outsider,16
65,outsider,16
39,outsider,16
0,outsider,16
758,start,16
211,start,16
240,start,16
74,outsider,16
270,start,16
259,start,16
692,start,16
670,start,16
648,start,16
628,start,16
607,start,16
581,start,16
568,start,16
544,start,16
526,start,16
710,start,16
354,start,16
480,start,16
456,start,16
287,start,16
438,start,16
419,start,16
407,start,16
373,start,16
327,start,16
304,start,16
497,start,16
723.0,end,17
234.0,end,17
682.0,end,17
742.0,end,17
660.0,end,17
699.0,end,17
764.0,end,17
853.0,end,17
808.0,end,17
835.0,end,17
644.0,end,17
870.0,end,17
893.0,end,17
911.0,end,17
788.0,end,17
616.0,end,17
487.0,end,17
577.0,end,17
554.0,end,17
534.0,end,17
507.0,end,17
465.0,end,17
438.0,end,17
425.0,end,17
395.0,end,17
375.0,end,17
345.0,end,17
305.0,end,17
280.0,end,17
263.0,end,17
934.0,end,17
598.0,end,17
952.0,end,17
1130.0,rises,17
993.0,end,17
1132.0,rises,17
1131.0,rises,17
214.0,end,17
1129.0,rises,17
1128.0,rises,17
1127.0,rises,17
1133.0,rises,17
1126.0,rises,17
1124.0,rises,17
1123.0,rises,17
1122.0,rises,17
1121.0,rises,17
1120.0,rises,17
1119.0,rises,17
1125.0,rises,17
1134.0,rises,17
1135.0,rises,17
1136.0,rises,17
1017.0,end,17
1037.0,end,17
1056.0,end,17
1081.0,end,17
1099.0,end,17
1148.0,end,17
1190.0,end,17
1144.0,rises,17
1143.0,rises,17
1142.0,rises,17
1141.0,rises,17
1140.0,rises,17
1139.0,rises,17
1138.0,rises,17
1137.0,rises,17
970.0,end,17
196.0,end,17
356.0,end,17
160.0,end,17
197.0,start,17
215.0,start,17
235.0,start,17
264.0,start,17
281.0,start,17
306.0,start,17
174.0,start,17
346.0,start,17
376.0,start,17
396.0,start,17
426.0,start,17
439.0,start,17
466.0,start,17
488.0,start,17
357.0,start,17
508.0,start,17
161.0,start,17
114.0,start,17
0.0,outsider,17
306.0,outsider,17
1100.0,outsider,17
173.0,end,17
13.0,outsider,17
345.0,outsider,17
140.0,start,17
1148.0,outsider,17
0.0,start,17
14.0,start,17
34.0,start,17
62.0,start,17
78.0,start,17
96.0,start,17
1190.0,outsider,17
535.0,start,17
1150.0,outsider,17
578.0,start,17
994.0,start,17
1018.0,start,17
1038.0,start,17
1057.0,start,17
1082.0,start,17
1100.0,start,17
971.0,start,17
1150.0,start,17
33.0,end,17
61.0,end,17
77.0,end,17
95.0,end,17
139.0,end,17
555.0,start,17
13.0,end,17
953.0,start,17
113.0,end,17
912.0,start,17
935.0,start,17
645.0,start,17
661.0,start,17
683.0,start,17
700.0,start,17
724.0,start,17
743.0,start,17
617.0,start,17
789.0,start,17
894.0,start,17
765.0,start,17
871.0,start,17
599.0,start,17
836.0,start,17
809.0,start,17
854.0,start,17
675.0,end,18
420.0,end,18
439.0,end,18
452.0,end,18
489.0,end,18
508.0,end,18
534.0,end,18
574.0,end,18
620.0,end,18
636.0,end,18
657.0,end,18
372.0,end,18
553.0,end,18
595.0,end,18
228.0,end,18
338.0,end,18
314.0,end,18
291.0,end,18
272.0,end,18
248.0,end,18
207.0,end,18
199.0,end,18
182.0,end,18
158.0,end,18
133.0,end,18
109.0,end,18
90.0,end,18
697.0,end,18
355.0,end,18
721.0,end,18
16.0,rises,18
762.0,end,18
69.0,end,18
3.0,rises,18
4.0,rises,18
5.0,rises,18
6.0,rises,18
7.0,rises,18
8.0,rises,18
9.0,rises,18
10.0,rises,18
11.0,rises,18
12.0,rises,18
13.0,rises,18
14.0,rises,18
15.0,rises,18
1070.0,end,18
1049.0,end,18
1031.0,end,18
1010.0,end,18
995.0,end,18
969.0,end,18
952.0,end,18
933.0,end,18
914.0,end,18
893.0,end,18
862.0,end,18
843.0,end,18
822.0,end,18
800.0,end,18
781.0,end,18
744.0,end,18
51.0,end,18
471.0,end,18
26.0,end,18
356.0,start,18
339.0,start,18
315.0,start,18
292.0,start,18
273.0,start,18
249.0,start,18
229.0,start,18
208.0,start,18
200.0,start,18
183.0,start,18
159.0,start,18
134.0,start,18
110.0,start,18
91.0,start,18
70.0,start,18
52.0,start,18
31.0,start,18
28.0,start,18
452.0,outsider,18
439.0,outsider,18
420.0,outsider,18
30.0,outsider,18
26.0,outsider,18
440.0,outsider,18
421.0,outsider,18
373.0,outsider,18
28.0,outsider,18
0.0,outsider,18
30.0,end,18
373.0,start,18
421.0,start,18
0.0,start,18
453.0,start,18
1050.0,start,18
440.0,start,18
1032.0,start,18
1011.0,start,18
996.0,start,18
970.0,start,18
953.0,start,18
915.0,start,18
894.0,start,18
863.0,start,18
844.0,start,18
823.0,start,18
801.0,start,18
782.0,start,18
763.0,start,18
934.0,start,18
722.0,start,18
490.0,start,18
745.0,start,18
509.0,start,18
535.0,start,18
554.0,start,18
596.0,start,18
472.0,start,18
575.0,start,18
637.0,start,18
658.0,start,18
676.0,start,18
698.0,start,18
621.0,start,18
1145.0,end,19
1246.0,end,19
1262.0,end,19
1229.0,end,19
1206.0,end,19
1182.0,end,19
1162.0,end,19
1122.0,end,19
1004.0,end,19
1082.0,end,19
1065.0,end,19
1047.0,end,19
1027.0,end,19
962.0,end,19
938.0,end,19
1287.0,end,19
896.0,end,19
917.0,end,19
1102.0,end,19
1310.0,end,19
1622.0,end,19
1356.0,end,19
1746.0,end,19
873.0,end,19
1726.0,end,19
1709.0,end,19
1684.0,end,19
1665.0,end,19
1644.0,end,19
1600.0,end,19
1574.0,end,19
1553.0,end,19
1534.0,end,19
1515.0,end,19
1501.0,end,19
1482.0,end,19
1459.0,end,19
1432.0,end,19
1417.0,end,19
1393.0,end,19
1376.0,end,19
1333.0,end,19
848.0,end,19
175.0,end,19
807.0,end,19
295.0,end,19
270.0,end,19
232.0,end,19
214.0,end,19
200.0,end,19
1769.0,end,19
152.0,end,19
129.0,end,19
318.0,end,19
108.0,end,19
71.0,end,19
60.0,end,19
39.0,end,19
14.0,end,19
3424.0,start,19
3410.0,start,19
3388.0,start,19
3366.0,start,19
91.0,end,19
339.0,end,19
363.0,end,19
381.0,end,19
783.0,end,19
762.0,end,19
742.0,end,19
728.0,end,19
707.0,end,19
688.0,end,19
664.0,end,19
638.0,end,19
616.0,end,19
601.0,end,19
573.0,end,19
553.0,end,19
532.0,end,19
511.0,end,19
485.0,end,19
468.0,end,19
445.0,end,19
427.0,end,19
410.0,end,19
833.0,end,19
1797.0,end,19
2417.0,end,19
1837.0,end,19
3105.0,end,19
3082.0,end,19
3067.0,end,19
3038.0,end,19
3022.0,end,19
2994.0,end,19
2975.0,end,19
2955.0,end,19
3125.0,end,19
2934.0,end,19
2902.0,end,19
2881.0,end,19
2868.0,end,19
2845.0,end,19
2831.0,end,19
2812.0,end,19
2796.0,end,19
2772.0,end,19
2916.0,end,19
3139.0,end,19
3157.0,end,19
3182.0,end,19
1580.0,non_positives,19
3459.0,rises,19
3459.0,rises,19
3327.0,rises,19
3459.0,rises,19
3328.0,rises,19
3446.0,end,19
3423.0,end,19
3409.0,end,19
3387.0,end,19
3365.0,end,19
3346.0,end,19
3329.0,end,19
3311.0,end,19
3289.0,end,19
3279.0,end,19
3240.0,end,19
3216.0,end,19
3197.0,end,19
2758.0,end,19
2739.0,end,19
2723.0,end,19
2706.0,end,19
2223.0,end,19
2203.0,end,19
2184.0,end,19
2172.0,end,19
2147.0,end,19
2130.0,end,19
2110.0,end,19
2089.0,end,19
2068.0,end,19
2049.0,end,19
2031.0,end,19
2014.0,end,19
1980.0,end,19
1965.0,end,19
1941.0,end,19
1914.0,end,19
1897.0,end,19
1882.0,end,19
1861.0,end,19
2242.0,end,19
1813.0,end,19
2260.0,end,19
2298.0,end,19
2678.0,end,19
2662.0,end,19
2653.0,end,19
2622.0,end,19
2602.0,end,19
2582.0,end,19
2565.0,end,19
2540.0,end,19
2517.0,end,19
2500.0,end,19
2476.0,end,19
2456.0,end,19
2439.0,end,19
3347.0,start,19
2401.0,end,19
2375.0,end,19
2356.0,end,19
2330.0,end,19
2311.0,end,19
2280.0,end,19
3331.0,start,19
251.0,end,19
3290.0,start,19
939.0,start,19
918.0,start,19
897.0,start,19
874.0,start,19
849.0,start,19
834.0,start,19
808.0,start,19
784.0,start,19
963.0,start,19
763.0,start,19
729.0,start,19
708.0,start,19
689.0,start,19
665.0,start,19
639.0,start,19
617.0,start,19
602.0,start,19
574.0,start,19
743.0,start,19
1005.0,start,19
1028.0,start,19
1048.0,start,19
1433.0,start,19
1418.0,start,19
1394.0,start,19
1377.0,start,19
1357.0,start,19
1334.0,start,19
1311.0,start,19
1288.0,start,19
1263.0,start,19
1247.0,start,19
1230.0,start,19
1207.0,start,19
1183.0,start,19
1163.0,start,19
1146.0,start,19
1123.0,start,19
1103.0,start,19
1083.0,start,19
1066.0,start,19
554.0,start,19
533.0,start,19
512.0,start,19
486.0,start,19
0.0,start,19
3311.0,outsider,19
3289.0,outsider,19
3279.0,outsider,19
3022.0,outsider,19
2739.0,outsider,19
1047.0,outsider,19
1027.0,outsider,19
1004.0,outsider,19
14.0,outsider,19
3290.0,outsider,19
3280.0,outsider,19
3241.0,outsider,19
2995.0,outsider,19
2724.0,outsider,19
1028.0,outsider,19
1005.0,outsider,19
963.0,outsider,19
0.0,outsider,19
15.0,start,19
1460.0,start,19
40.0,start,19
72.0,start,19
469.0,start,19
446.0,start,19
428.0,start,19
3312.0,start,19
382.0,start,19
364.0,start,19
340.0,start,19
319.0,start,19
296.0,start,19
271.0,start,19
252.0,start,19
233.0,start,19
215.0,start,19
201.0,start,19
176.0,start,19
153.0,start,19
130.0,start,19
109.0,start,19
92.0,start,19
61.0,start,19
1483.0,start,19
411.0,start,19
1516.0,start,19
2813.0,start,19
2797.0,start,19
2773.0,start,19
2759.0,start,19
2740.0,start,19
2724.0,start,19
2707.0,start,19
2679.0,start,19
2832.0,start,19
2663.0,start,19
2623.0,start,19
2603.0,start,19
2583.0,start,19
2566.0,start,19
2541.0,start,19
2518.0,start,19
2501.0,start,19
2477.0,start,19
2654.0,start,19
2846.0,start,19
2869.0,start,19
2903.0,start,19
1502.0,start,19
3280.0,start,19
3241.0,start,19
3217.0,start,19
3198.0,start,19
3183.0,start,19
3158.0,start,19
3140.0,start,19
3126.0,start,19
3106.0,start,19
3083.0,start,19
3068.0,start,19
3039.0,start,19
3023.0,start,19
2995.0,start,19
2976.0,start,19
2956.0,start,19
2935.0,start,19
2917.0,start,19
2457.0,start,19
2440.0,start,19
2882.0,start,19
2402.0,start,19
1915.0,start,19
1898.0,start,19
1883.0,start,19
1862.0,start,19
1838.0,start,19
1814.0,start,19
1798.0,start,19
1770.0,start,19
1727.0,start,19
1710.0,start,19
1685.0,start,19
1666.0,start,19
1645.0,start,19
1623.0,start,19
1601.0,start,19
1575.0,start,19
1554.0,start,19
2418.0,start,19
1535.0,start,19
1942.0,start,19
1966.0,start,19
1747.0,start,19
2261.0,start,19
2376.0,start,19
1981.0,start,19
2331.0,start,19
2312.0,start,19
2299.0,start,19
2281.0,start,19
2243.0,start,19
2224.0,start,19
2357.0,start,19
2185.0,start,19
2204.0,start,19
2173.0,start,19
2148.0,start,19
2131.0,start,19
2111.0,start,19
2090.0,start,19
2069.0,start,19
2050.0,start,19
2032.0,start,19
2015.0,start,19
593,end,20
548,end,20
614,end,20
528,end,20
903,end,20
491,end,20
473,end,20
637,end,20
448,end,20
513,end,20
658,end,20
847,end,20
697,end,20
718,end,20
744,end,20
764,end,20
784,end,20
804,end,20
825,end,20
873,end,20
417,end,20
678,end,20
402,end,20
1896,start,20
357,end,20
925,end,20
1839,start,20
1860,start,20
1877,start,20
1914,start,20
15,end,20
36,end,20
53,end,20
84,end,20
93,end,20
382,end,20
117,end,20
144,end,20
165,end,20
190,end,20
212,end,20
229,end,20
249,end,20
269,end,20
315,end,20
328,end,20
341,end,20
131,end,20
944,end,20
1859,end,20
987,end,20
1533,end,20
1555,end,20
1577,end,20
1599,end,20
1618,end,20
1630,end,20
1649,end,20
1671,end,20
1690,end,20
1734,end,20
1515,end,20
1746,end,20
1775,end,20
1796,end,20
1814,end,20
1838,end,20
1876,end,20
1895,end,20
1913,end,20
1980,end,20
1760,non_positives,20
1815,start,20
1759,end,20
969,end,20
1495,end,20
1466,end,20
1008,end,20
1028,end,20
1037,end,20
1065,end,20
1087,end,20
1116,end,20
1131,end,20
1150,end,20
1172,end,20
1193,end,20
1478,end,20
1213,end,20
1260,end,20
1279,end,20
1300,end,20
1318,end,20
1333,end,20
1355,end,20
1375,end,20
1396,end,20
1418,end,20
1439,end,20
1238,end,20
1797,start,20
562,end,20
1761,start,20
250,start,20
270,start,20
316,start,20
329,start,20
342,start,20
358,start,20
383,start,20
403,start,20
418,start,20
449,start,20
474,start,20
492,start,20
514,start,20
529,start,20
549,start,20
563,start,20
594,start,20
615,start,20
638,start,20
659,start,20
679,start,20
230,start,20
213,start,20
191,start,20
166,start,20
0,outsider,20
145,outsider,20
270,outsider,20
1516,outsider,20
1691,outsider,20
1735,outsider,20
1914,outsider,20
15,outsider,20
165,outsider,20
315,outsider,20
698,start,20
1734,outsider,20
1980,outsider,20
0,start,20
16,start,20
37,start,20
54,start,20
85,start,20
94,start,20
118,start,20
132,start,20
145,start,20
1746,outsider,20
719,start,20
1533,outsider,20
765,start,20
1319,start,20
1334,start,20
1356,start,20
1376,start,20
1397,start,20
1419,start,20
1440,start,20
1467,start,20
1479,start,20
1496,start,20
1301,start,20
1516,start,20
1556,start,20
1578,start,20
1600,start,20
1619,start,20
1650,start,20
1672,start,20
1691,start,20
1735,start,20
1747,start,20
745,start,20
1534,start,20
1280,start,20
1631,start,20
1239,start,20
785,start,20
1261,start,20
805,start,20
826,start,20
848,start,20
904,start,20
926,start,20
945,start,20
970,start,20
988,start,20
1009,start,20
874,start,20
1151,start,20
1029,start,20
1173,start,20
1132,start,20
1117,start,20
1194,start,20
1776,start,20
1088,start,20
1066,start,20
1038,start,20
1214,start,20
1075,end,21
924,end,21
1059,end,21
1035,end,21
1018,end,21
997,end,21
948,end,21
740,end,21
864,end,21
889,end,21
882,end,21
835,end,21
808,end,21
778,end,21
1091,end,21
757,end,21
902,end,21
1116,end,21
1348,end,21
1163,end,21
1515,end,21
720,end,21
1494,end,21
1475,end,21
1444,end,21
1433,end,21
1410,end,21
1390,end,21
1374,end,21
1323,end,21
1300,end,21
1287,end,21
1271,end,21
1248,end,21
1227,end,21
1203,end,21
1186,end,21
1149,end,21
701,end,21
144,end,21
655,end,21
166,end,21
127,end,21
105,end,21
85,end,21
70,end,21
49,end,21
29,end,21
7,end,21
3273,start,21
3253,start,21
3233,start,21
3216,start,21
3198,start,21
3181,start,21
3150,start,21
3134,start,21
1535,end,21
189,end,21
681,end,21
218,end,21
262,end,21
633,end,21
614,end,21
592,end,21
571,end,21
548,end,21
532,end,21
507,end,21
488,end,21
470,end,21
452,end,21
420,end,21
402,end,21
368,end,21
346,end,21
330,end,21
302,end,21
278,end,21
241,end,21
1565,end,21
2678,end,21
1603,end,21
2865,end,21
2849,end,21
2828,end,21
2810,end,21
2789,end,21
2772,end,21
2753,end,21
2881,end,21
2734,end,21
2700,end,21
3124,start,21
2665,end,21
2637,end,21
2618,end,21
2597,end,21
2580,end,21
2721,end,21
2915,end,21
2929,end,21
2948,end,21
3288,end,21
3272,end,21
3252,end,21
3232,end,21
3215,end,21
3197,end,21
3180,end,21
3149,end,21
3133,end,21
3123,end,21
3099,end,21
3076,end,21
3056,end,21
3030,end,21
3016,end,21
2989,end,21
2969,end,21
2555,end,21
2536,end,21
2519,end,21
2500,end,21
2027,end,21
2005,end,21
1985,end,21
1966,end,21
1941,end,21
1915,end,21
1891,end,21
1877,end,21
1870,end,21
1817,end,21
1791,end,21
1775,end,21
1709,end,21
1678,end,21
1662,end,21
1647,end,21
1620,end,21
2046,end,21
1591,end,21
2067,end,21
2103,end,21
2474,end,21
2448,end,21
2425,end,21
2410,end,21
2382,end,21
2360,end,21
2337,end,21
2314,end,21
2297,end,21
2284,end,21
2241,end,21
2232,end,21
2217,end,21
2204,end,21
2177,end,21
2161,end,21
2127,end,21
2086,end,21
3100,start,21
385,end,21
3057,start,21
779,start,21
758,start,21
741,start,21
721,start,21
702,start,21
682,start,21
656,start,21
634,start,21
615,start,21
593,start,21
572,start,21
549,start,21
533,start,21
508,start,21
489,start,21
471,start,21
453,start,21
809,start,21
421,start,21
836,start,21
883,start,21
1249,start,21
1228,start,21
1204,start,21
1187,start,21
1164,start,21
1150,start,21
1117,start,21
1092,start,21
1076,start,21
1060,start,21
1036,start,21
1019,start,21
998,start,21
949,start,21
925,start,21
903,start,21
890,start,21
865,start,21
1272,start,21
403,start,21
369,start,21
1870,outsider,21
1791,outsider,21
1775,outsider,21
1535,outsider,21
1018,outsider,21
997,outsider,21
7,outsider,21
3198,outsider,21
3124,outsider,21
2722,outsider,21
1818,outsider,21
1776,outsider,21
1710,outsider,21
3077,start,21
998,outsider,21
949,outsider,21
0,outsider,21
2734,outsider,21
386,start,21
3133,outsider,21
0,start,21
347,start,21
331,start,21
303,start,21
279,start,21
263,start,21
242,start,21
219,start,21
190,start,21
167,start,21
145,start,21
128,start,21
106,start,21
86,start,21
71,start,21
50,start,21
30,start,21
8,start,21
3215,outsider,21
1288,start,21
1516,outsider,21
1324,start,21
2619,start,21
2598,start,21
2581,start,21
2556,start,21
2537,start,21
2520,start,21
2501,start,21
2638,start,21
2475,start,21
2426,start,21
2411,start,21
2383,start,21
2361,start,21
2338,start,21
2315,start,21
2298,start,21
2449,start,21
2666,start,21
2679,start,21
2701,start,21
1301,start,21
3031,start,21
2990,start,21
2970,start,21
2949,start,21
2930,start,21
2916,start,21
2882,start,21
2866,start,21
2850,start,21
2829,start,21
2811,start,21
2790,start,21
2773,start,21
2754,start,21
2735,start,21
2722,start,21
2285,start,21
2242,start,21
3017,start,21
2218,start,21
1679,start,21
1663,start,21
1648,start,21
1621,start,21
1604,start,21
1592,start,21
1566,start,21
1547,start,21
1516,start,21
1495,start,21
1476,start,21
1445,start,21
1434,start,21
1411,start,21
1391,start,21
1375,start,21
2233,start,21
1710,start,21
1776,start,21
1349,start,21
1818,start,21
2178,start,21
2205,start,21
2162,start,21
2128,start,21
2104,start,21
2087,start,21
1792,start,21
2047,start,21
2028,start,21
2068,start,21
1986,start,21
1967,start,21
1942,start,21
1916,start,21
1892,start,21
1878,start,21
1871,start,21
2006,start,21
1341.0,end,22
1320.0,end,22
1303.0,end,22
1284.0,end,22
1260.0,end,22
1241.0,end,22
1226.0,end,22
1082.0,end,22
1202.0,end,22
1189.0,end,22
1166.0,end,22
1142.0,end,22
1118.0,end,22
1102.0,end,22
1062.0,end,22
2759.0,rises,22
1362.0,end,22
1529.0,end,22
1398.0,end,22
1735.0,end,22
1041.0,end,22
1688.0,end,22
1666.0,end,22
1648.0,end,22
1627.0,end,22
1609.0,end,22
1381.0,end,22
1591.0,end,22
1552.0,end,22
1515.0,end,22
1502.0,end,22
1478.0,end,22
1459.0,end,22
1439.0,end,22
1421.0,end,22
1569.0,end,22
1708.0,end,22
631.0,end,22
1005.0,end,22
528.0,end,22
507.0,end,22
481.0,end,22
466.0,end,22
431.0,end,22
413.0,end,22
390.0,end,22
544.0,end,22
369.0,end,22
329.0,end,22
304.0,end,22
280.0,end,22
259.0,end,22
234.0,end,22
1754.0,end,22
215.0,end,22
348.0,end,22
559.0,end,22
586.0,end,22
606.0,end,22
986.0,end,22
972.0,end,22
943.0,end,22
927.0,end,22
901.0,end,22
881.0,end,22
853.0,end,22
834.0,end,22
812.0,end,22
793.0,end,22
768.0,end,22
747.0,end,22
726.0,end,22
707.0,end,22
687.0,end,22
665.0,end,22
647.0,end,22
1022.0,end,22
1777.0,end,22
2544.0,end,22
1818.0,end,22
2834.0,rises,22
2759.0,rises,22
2835.0,rises,22
2759.0,rises,22
2836.0,rises,22
2759.0,rises,22
2837.0,rises,22
2759.0,rises,22
2759.0,rises,22
2758.0,rises,22
2844.0,end,22
2743.0,end,22
2702.0,end,22
2689.0,end,22
2660.0,end,22
2636.0,end,22
2838.0,rises,22
2613.0,end,22
2833.0,rises,22
2832.0,rises,22
187.0,end,22
2759.0,rises,22
2759.0,rises,22
2759.0,rises,22
2759.0,rises,22
2759.0,rises,22
2759.0,rises,22
2759.0,rises,22
2759.0,rises,22
2759.0,rises,22
2759.0,rises,22
2759.0,rises,22
2759.0,rises,22
2759.0,rises,22
2759.0,rises,22
2759.0,rises,22
2759.0,rises,22
1792.0,end,22
2579.0,end,22
2529.0,end,22
2126.0,end,22
2098.0,end,22
2085.0,end,22
2062.0,end,22
2045.0,end,22
2022.0,end,22
2004.0,end,22
2138.0,end,22
1982.0,end,22
1946.0,end,22
1931.0,end,22
1910.0,end,22
1892.0,end,22
1866.0,end,22
1846.0,end,22
1829.0,end,22
1963.0,end,22
2560.0,end,22
2159.0,end,22
2201.0,end,22
2506.0,end,22
2485.0,end,22
2467.0,end,22
2445.0,end,22
2421.0,end,22
2403.0,end,22
2378.0,end,22
2181.0,end,22
2362.0,end,22
2322.0,end,22
2305.0,end,22
2286.0,end,22
2268.0,end,22
2252.0,end,22
2232.0,end,22
2217.0,end,22
2341.0,end,22
165.0,end,22
1893.0,start,22
130.0,end,22
835.0,start,22
813.0,start,22
794.0,start,22
769.0,start,22
748.0,start,22
727.0,start,22
708.0,start,22
688.0,start,22
666.0,start,22
648.0,start,22
632.0,start,22
607.0,start,22
587.0,start,22
560.0,start,22
545.0,start,22
854.0,start,22
882.0,start,22
902.0,start,22
928.0,start,22
1242.0,start,22
1227.0,start,22
1203.0,start,22
1190.0,start,22
1167.0,start,22
1143.0,start,22
1119.0,start,22
529.0,start,22
1103.0,start,22
1063.0,start,22
1042.0,start,22
1023.0,start,22
1006.0,start,22
987.0,start,22
973.0,start,22
944.0,start,22
1083.0,start,22
508.0,start,22
482.0,start,22
467.0,start,22
0.0,start,22
2844.0,outsider,22
2743.0,outsider,22
2702.0,outsider,22
2689.0,outsider,22
2636.0,outsider,22
2613.0,outsider,22
12.0,start,22
11.0,outsider,22
2703.0,outsider,22
2690.0,outsider,22
2661.0,outsider,22
2614.0,outsider,22
2580.0,outsider,22
0.0,outsider,22
146.0,end,22
2744.0,outsider,22
1261.0,start,22
36.0,start,22
76.0,start,22
432.0,start,22
414.0,start,22
391.0,start,22
370.0,start,22
349.0,start,22
305.0,start,22
281.0,start,22
58.0,start,22
260.0,start,22
216.0,start,22
188.0,start,22
166.0,start,22
147.0,start,22
131.0,start,22
112.0,start,22
88.0,start,22
235.0,start,22
1285.0,start,22
330.0,start,22
1321.0,start,22
2422.0,start,22
2404.0,start,22
2379.0,start,22
2363.0,start,22
2342.0,start,22
2323.0,start,22
2306.0,start,22
2446.0,start,22
2287.0,start,22
2253.0,start,22
2233.0,start,22
2218.0,start,22
2202.0,start,22
2182.0,start,22
2160.0,start,22
2139.0,start,22
2269.0,start,22
2127.0,start,22
2468.0,start,22
2530.0,start,22
1304.0,start,22
111.0,end,22
87.0,end,22
75.0,end,22
57.0,end,22
35.0,end,22
11.0,end,22
2486.0,start,22
2744.0,start,22
2690.0,start,22
2661.0,start,22
2637.0,start,22
2614.0,start,22
2580.0,start,22
2561.0,start,22
2545.0,start,22
2703.0,start,22
2099.0,start,22
2507.0,start,22
2063.0,start,22
1628.0,start,22
1610.0,start,22
1592.0,start,22
1570.0,start,22
1553.0,start,22
1530.0,start,22
1516.0,start,22
1649.0,start,22
1503.0,start,22
1460.0,start,22
1440.0,start,22
1422.0,start,22
1399.0,start,22
1382.0,start,22
2086.0,start,22
1342.0,start,22
1479.0,start,22
1667.0,start,22
1363.0,start,22
1709.0,start,22
2005.0,start,22
1983.0,start,22
1964.0,start,22
2046.0,start,22
1947.0,start,22
1932.0,start,22
2023.0,start,22
1867.0,start,22
1911.0,start,22
1830.0,start,22
1819.0,start,22
1793.0,start,22
1778.0,start,22
1755.0,start,22
1736.0,start,22
1847.0,start,22
1689.0,start,22
949.0,end,23
930.0,end,23
910.0,end,23
830.0,end,23
872.0,end,23
849.0,end,23
808.0,end,23
891.0,end,23
968.0,end,23
1085.0,end,23
1014.0,end,23
1036.0,end,23
1053.0,end,23
1066.0,end,23
787.0,end,23
1107.0,end,23
1126.0,end,23
1147.0,end,23
1169.0,end,23
995.0,end,23
765.0,end,23
551.0,end,23
725.0,end,23
1192.0,end,23
268.0,end,23
289.0,end,23
312.0,end,23
338.0,end,23
374.0,end,23
385.0,end,23
396.0,end,23
419.0,end,23
747.0,end,23
441.0,end,23
484.0,end,23
507.0,end,23
530.0,end,23
571.0,end,23
594.0,end,23
613.0,end,23
637.0,end,23
667.0,end,23
708.0,end,23
464.0,end,23
1210.0,end,23
1482.0,rises,23
1243.0,end,23
1483.0,rises,23
1497.0,rises,23
666.0,rises,23
673.0,rises,23
1483.0,rises,23
1491.0,rises,23
672.0,rises,23
1482.0,rises,23
667.0,rises,23
673.0,rises,23
1482.0,rises,23
1482.0,rises,23
1483.0,singularities,23
1500.0,singularities,23
1484.0,singularities,23
1492.0,singularities,23
1496.0,singularities,23
672.0,non_positives,23
1473.0,non_positives,23
250.0,end,23
666.0,rises,23
666.0,rises,23
1500.0,rises,23
1487.0,rises,23
1266.0,end,23
1288.0,end,23
1308.0,end,23
1326.0,end,23
1342.0,end,23
1366.0,end,23
1397.0,end,23
1425.0,end,23
1435.0,end,23
1445.0,end,23
1482.0,end,23
656.0,rises,23
666.0,rises,23
674.0,rises,23
1483.0,rises,23
1490.0,rises,23
1502.0,rises,23
655.0,rises,23
666.0,rises,23
673.0,rises,23
1483.0,rises,23
1226.0,end,23
231.0,end,23
62.0,end,23
184.0,end,23
232.0,start,23
251.0,start,23
269.0,start,23
290.0,start,23
313.0,start,23
339.0,start,23
375.0,start,23
386.0,start,23
397.0,start,23
420.0,start,23
442.0,start,23
465.0,start,23
485.0,start,23
508.0,start,23
531.0,start,23
552.0,start,23
572.0,start,23
595.0,start,23
614.0,start,23
209.0,start,23
185.0,start,23
160.0,start,23
145.0,start,23
208.0,end,23
0.0,outsider,23
339.0,outsider,23
375.0,outsider,23
638.0,outsider,23
1426.0,outsider,23
1446.0,outsider,23
4.0,outsider,23
374.0,outsider,23
638.0,start,23
385.0,outsider,23
1482.0,outsider,23
0.0,start,23
5.0,start,23
29.0,start,23
46.0,start,23
63.0,start,23
78.0,start,23
104.0,start,23
122.0,start,23
667.0,outsider,23
673.0,start,23
1435.0,outsider,23
726.0,start,23
1227.0,start,23
1244.0,start,23
1267.0,start,23
1289.0,start,23
1309.0,start,23
1327.0,start,23
1343.0,start,23
1367.0,start,23
1398.0,start,23
1211.0,start,23
1426.0,start,23
1446.0,start,23
4.0,end,23
45.0,end,23
77.0,end,23
103.0,end,23
121.0,end,23
144.0,end,23
709.0,start,23
159.0,end,23
1436.0,start,23
1193.0,start,23
28.0,end,23
1148.0,start,23
766.0,start,23
1170.0,start,23
748.0,start,23
788.0,start,23
809.0,start,23
850.0,start,23
873.0,start,23
892.0,start,23
911.0,start,23
931.0,start,23
831.0,start,23
969.0,start,23
996.0,start,23
1015.0,start,23
1037.0,start,23
1127.0,start,23
1054.0,start,23
1067.0,start,23
950.0,start,23
1086.0,start,23
1108.0,start,23
678,end,24
922,end,24
904,end,24
885,end,24
867,end,24
844,end,24
783,end,24
806,end,24
759,end,24
739,end,24
721,end,24
943,end,24
697,end,24
828,end,24
968,end,24
1184,end,24
1011,end,24
1355,end,24
652,end,24
1331,end,24
1295,end,24
1265,end,24
1244,end,24
1219,end,24
1204,end,24
1164,end,24
1140,end,24
1113,end,24
1095,end,24
1075,end,24
1051,end,24
1028,end,24
991,end,24
629,end,24
165,end,24
588,end,24
179,end,24
144,end,24
118,end,24
102,end,24
93,end,24
24,end,24
196,end,24
2983,start,24
2833,start,24
2794,start,24
2711,start,24
2702,start,24
2658,start,24
1375,end,24
2979,start,24
607,end,24
217,end,24
257,end,24
566,end,24
544,end,24
520,end,24
506,end,24
477,end,24
457,end,24
237,end,24
439,end,24
391,end,24
366,end,24
341,end,24
324,end,24
310,end,24
285,end,24
424,end,24
1400,end,24
2344,end,24
1431,end,24
2485,end,24
2462,end,24
2443,end,24
2432,end,24
2413,end,24
2391,end,24
2510,end,24
2371,end,24
2306,end,24
2286,end,24
2259,end,24
2244,end,24
2222,end,24
2203,end,24
2325,end,24
2187,end,24
2536,end,24
2578,end,24
2642,start,24
2990,singularities,24
2993,singularities,24
2989,end,24
2982,end,24
2978,end,24
2557,end,24
2832,end,24
2710,end,24
2701,end,24
2657,end,24
2641,end,24
2626,end,24
2599,end,24
2793,end,24
1413,end,24
2164,end,24
2119,end,24
1728,end,24
1701,end,24
1678,end,24
1661,end,24
1640,end,24
1624,end,24
1748,end,24
1593,end,24
1552,end,24
1535,end,24
1516,end,24
1497,end,24
1479,end,24
1451,end,24
1572,end,24
2139,end,24
1765,end,24
1800,end,24
2098,end,24
2075,end,24
2056,end,24
2041,end,24
2013,end,24
1994,end,24
1788,end,24
1971,end,24
1929,end,24
1913,end,24
1889,end,24
1872,end,24
1845,end,24
1818,end,24
1952,end,24
2627,start,24
0,outsider,24
2579,start,24
392,start,24
425,start,24
440,start,24
458,start,24
478,start,24
507,start,24
521,start,24
545,start,24
567,start,24
589,start,24
608,start,24
630,start,24
653,start,24
679,start,24
698,start,24
722,start,24
740,start,24
1029,start,24
1012,start,24
992,start,24
969,start,24
944,start,24
923,start,24
367,start,24
905,start,24
868,start,24
845,start,24
829,start,24
807,start,24
784,start,24
760,start,24
886,start,24
342,start,24
325,start,24
286,start,24
118,outsider,24
102,outsider,24
93,outsider,24
24,outsider,24
2833,outsider,24
2794,outsider,24
1355,outsider,24
2711,outsider,24
2658,outsider,24
1332,outsider,24
103,outsider,24
94,outsider,24
25,outsider,24
2600,start,24
2702,outsider,24
1052,start,24
2701,outsider,24
2793,outsider,24
258,start,24
238,start,24
218,start,24
197,start,24
180,start,24
166,start,24
2710,outsider,24
145,start,24
103,start,24
94,start,24
25,start,24
0,start,24
2978,outsider,24
2832,outsider,24
119,start,24
1076,start,24
311,start,24
1114,start,24
2188,start,24
2165,start,24
2140,start,24
2120,start,24
2099,start,24
2076,start,24
2223,start,24
2057,start,24
2014,start,24
1995,start,24
1972,start,24
1953,start,24
1930,start,24
1914,start,24
2042,start,24
1890,start,24
2245,start,24
2287,start,24
1096,start,24
2558,start,24
2537,start,24
2511,start,24
2486,start,24
2463,start,24
2260,start,24
2444,start,24
2414,start,24
2392,start,24
2372,start,24
2345,start,24
2326,start,24
2307,start,24
2433,start,24
1873,start,24
2204,start,24
1356,start,24
1432,start,24
1414,start,24
1401,start,24
1376,start,24
1332,start,24
1296,start,24
1480,start,24
1266,start,24
1220,start,24
1205,start,24
1185,start,24
1165,start,24
1846,start,24
1141,start,24
1245,start,24
1498,start,24
1452,start,24
1702,start,24
1789,start,24
1766,start,24
1749,start,24
1729,start,24
1517,start,24
1679,start,24
1662,start,24
1641,start,24
1625,start,24
1594,start,24
1573,start,24
1553,start,24
1536,start,24
1801,start,24
1819,start,24
812.0,end,25
791.0,end,25
875.0,end,25
859.0,end,25
774.0,end,25
839.0,end,25
747.0,end,25
1290.0,end,25
705.0,end,25
686.0,end,25
671.0,end,25
642.0,end,25
621.0,end,25
897.0,end,25
595.0,end,25
728.0,end,25
915.0,end,25
1273.0,end,25
959.0,end,25
581.0,end,25
1252.0,end,25
1236.0,end,25
1211.0,end,25
1190.0,end,25
1172.0,end,25
1152.0,end,25
1128.0,end,25
1105.0,end,25
1085.0,end,25
1065.0,end,25
1046.0,end,25
1027.0,end,25
1011.0,end,25
984.0,end,25
936.0,end,25
560.0,end,25
2614.0,start,25
515.0,end,25
92.0,end,25
75.0,end,25
56.0,end,25
37.0,end,25
20.0,end,25
2821.0,start,25
2792.0,start,25
2753.0,start,25
2734.0,start,25
2721.0,start,25
2691.0,start,25
2671.0,start,25
2636.0,start,25
2587.0,start,25
1313.0,end,25
110.0,end,25
537.0,end,25
134.0,end,25
174.0,end,25
495.0,end,25
470.0,end,25
452.0,end,25
426.0,end,25
410.0,end,25
386.0,end,25
370.0,end,25
351.0,end,25
322.0,end,25
300.0,end,25
276.0,end,25
259.0,end,25
239.0,end,25
219.0,end,25
197.0,end,25
151.0,end,25
1334.0,end,25
2803.0,rises,25
1379.0,end,25
2559.0,end,25
2533.0,end,25
2497.0,end,25
2479.0,end,25
2455.0,end,25
2433.0,end,25
2405.0,end,25
2375.0,end,25
2354.0,end,25
2334.0,end,25
2311.0,end,25
2286.0,end,25
2269.0,end,25
2235.0,end,25
2203.0,end,25
2571.0,end,25
2186.0,end,25
2586.0,end,25
2635.0,end,25
2799.0,rises,25
2800.0,rises,25
2801.0,rises,25
2802.0,rises,25
2572.0,start,25
2804.0,rises,25
2805.0,rises,25
2844.0,end,25
2820.0,end,25
2791.0,end,25
2752.0,end,25
2733.0,end,25
2720.0,end,25
2690.0,end,25
2670.0,end,25
2613.0,end,25
2164.0,end,25
2143.0,end,25
2121.0,end,25
1679.0,end,25
1655.0,end,25
1634.0,end,25
1615.0,end,25
1597.0,end,25
1579.0,end,25
1557.0,end,25
1537.0,end,25
1515.0,end,25
1501.0,end,25
1482.0,end,25
1462.0,end,25
1441.0,end,25
1422.0,end,25
1400.0,end,25
1698.0,end,25
1717.0,end,25
1742.0,end,25
1763.0,end,25
2103.0,end,25
2088.0,end,25
2067.0,end,25
2047.0,end,25
2028.0,end,25
2006.0,end,25
1991.0,end,25
1359.0,end,25
1973.0,end,25
1929.0,end,25
1906.0,end,25
1885.0,end,25
1847.0,end,25
1819.0,end,25
1807.0,end,25
1776.0,end,25
1952.0,end,25
2560.0,start,25
1699.0,start,25
2498.0,start,25
427.0,start,25
411.0,start,25
387.0,start,25
371.0,start,25
352.0,start,25
323.0,start,25
301.0,start,25
277.0,start,25
260.0,start,25
240.0,start,25
220.0,start,25
198.0,start,25
2534.0,start,25
152.0,start,25
135.0,start,25
453.0,start,25
111.0,start,25
471.0,start,25
516.0,start,25
840.0,start,25
813.0,start,25
792.0,start,25
775.0,start,25
748.0,start,25
729.0,start,25
706.0,start,25
687.0,start,25
672.0,start,25
643.0,start,25
622.0,start,25
596.0,start,25
582.0,start,25
561.0,start,25
538.0,start,25
496.0,start,25
93.0,start,25
76.0,start,25
57.0,start,25
2792.0,outsider,25
2753.0,outsider,25
2691.0,outsider,25
2671.0,outsider,25
2572.0,outsider,25
2560.0,outsider,25
2534.0,outsider,25
2498.0,outsider,25
2434.0,outsider,25
2406.0,outsider,25
2236.0,outsider,25
1886.0,outsider,25
1848.0,outsider,25
135.0,outsider,25
0.0,outsider,25
2821.0,outsider,25
20.0,outsider,25
151.0,outsider,25
1885.0,outsider,25
38.0,start,25
21.0,start,25
0.0,start,25
2844.0,outsider,25
2820.0,outsider,25
2791.0,outsider,25
2720.0,outsider,25
860.0,start,25
2690.0,outsider,25
2571.0,outsider,25
2559.0,outsider,25
2533.0,outsider,25
2455.0,outsider,25
2433.0,outsider,25
2269.0,outsider,25
1906.0,outsider,25
2586.0,outsider,25
876.0,start,25
175.0,start,25
916.0,start,25
2048.0,start,25
2029.0,start,25
2007.0,start,25
1992.0,start,25
1974.0,start,25
1953.0,start,25
1930.0,start,25
1907.0,start,25
1886.0,start,25
1848.0,start,25
1820.0,start,25
1808.0,start,25
1777.0,start,25
1764.0,start,25
1743.0,start,25
2068.0,start,25
1718.0,start,25
2089.0,start,25
2122.0,start,25
2480.0,start,25
2456.0,start,25
2434.0,start,25
898.0,start,25
2376.0,start,25
2355.0,start,25
2335.0,start,25
2312.0,start,25
2287.0,start,25
2270.0,start,25
2236.0,start,25
2204.0,start,25
2187.0,start,25
2165.0,start,25
2144.0,start,25
2104.0,start,25
1680.0,start,25
2406.0,start,25
960.0,start,25
1253.0,start,25
1237.0,start,25
1212.0,start,25
1191.0,start,25
1173.0,start,25
1129.0,start,25
1274.0,start,25
1106.0,start,25
1066.0,start,25
1047.0,start,25
1028.0,start,25
1012.0,start,25
985.0,start,25
937.0,start,25
1086.0,start,25
1291.0,start,25
1153.0,start,25
1335.0,start,25
1635.0,start,25
1314.0,start,25
1616.0,start,25
1598.0,start,25
1580.0,start,25
1558.0,start,25
1538.0,start,25
1516.0,start,25
1656.0,start,25
1483.0,start,25
1463.0,start,25
1442.0,start,25
1423.0,start,25
1401.0,start,25
1380.0,start,25
1360.0,start,25
1502.0,start,25
308,end,26
334,end,26
358,end,26
381,end,26
406,end,26
426,end,26
524,end,26
469,end,26
493,end,26
542,end,26
560,end,26
577,end,26
288,end,26
446,end,26
593,end,26
1215,start,26
243,end,26
610,end,26
1248,start,26
1261,start,26
17,end,26
40,end,26
62,end,26
267,end,26
82,end,26
123,end,26
144,end,26
156,end,26
180,end,26
200,end,26
221,end,26
102,end,26
637,end,26
1045,end,26
675,end,26
1269,singularities,26
1261,singularities,26
1257,singularities,26
1262,singularities,26
1266,end,26
1260,end,26
1247,end,26
1214,end,26
1158,end,26
1131,end,26
1109,end,26
1095,end,26
1077,end,26
1070,end,26
1059,end,26
1013,end,26
991,end,26
697,end,26
724,end,26
748,end,26
763,end,26
784,end,26
799,end,26
658,end,26
824,end,26
866,end,26
881,end,26
897,end,26
934,end,26
945,end,26
962,end,26
843,end,26
1159,start,26
359,start,26
1110,start,26
382,start,26
335,start,26
309,start,26
289,start,26
268,start,26
244,start,26
222,start,26
201,start,26
181,start,26
157,start,26
145,start,26
124,start,26
103,start,26
83,start,26
407,start,26
63,start,26
18,start,26
0,start,26
1266,outsider,26
1260,outsider,26
1247,outsider,26
1214,outsider,26
1070,outsider,26
17,outsider,26
1261,outsider,26
1215,outsider,26
1159,outsider,26
1060,outsider,26
0,outsider,26
1132,start,26
41,start,26
427,start,26
1248,outsider,26
470,start,26
844,start,26
867,start,26
882,start,26
898,start,26
935,start,26
946,start,26
825,start,26
963,start,26
1014,start,26
1046,start,26
1071,start,26
1078,start,26
447,start,26
1096,start,26
992,start,26
800,start,26
1060,start,26
764,start,26
785,start,26
494,start,26
561,start,26
578,start,26
594,start,26
611,start,26
543,start,26
659,start,26
749,start,26
638,start,26
725,start,26
525,start,26
698,start,26
676,start,26
833.0,end,27
641.0,end,27
666.0,end,27
598.0,end,27
700.0,end,27
722.0,end,27
741.0,end,27
768.0,end,27
795.0,end,27
812.0,end,27
621.0,end,27
682.0,end,27
963.0,end,27
876.0,end,27
896.0,end,27
922.0,end,27
942.0,end,27
989.0,end,27
1013.0,end,27
1035.0,end,27
1052.0,end,27
1072.0,end,27
1090.0,end,27
1126.0,end,27
577.0,end,27
1109.0,end,27
853.0,end,27
554.0,end,27
209.0,end,27
512.0,end,27
2279.0,start,27
1148.0,end,27
2298.0,start,27
2322.0,start,27
2339.0,start,27
30.0,end,27
47.0,end,27
71.0,end,27
88.0,end,27
107.0,end,27
134.0,end,27
155.0,end,27
172.0,end,27
191.0,end,27
232.0,end,27
247.0,end,27
267.0,end,27
284.0,end,27
306.0,end,27
334.0,end,27
348.0,end,27
366.0,end,27
387.0,end,27
406.0,end,27
446.0,end,27
475.0,end,27
493.0,end,27
534.0,end,27
1171.0,end,27
1858.0,end,27
1216.0,end,27
1894.0,end,27
1913.0,end,27
1935.0,end,27
1950.0,end,27
1967.0,end,27
1992.0,end,27
2013.0,end,27
2029.0,end,27
2048.0,end,27
2067.0,end,27
2089.0,end,27
2108.0,end,27
2133.0,end,27
2160.0,end,27
2178.0,end,27
2192.0,end,27
2214.0,end,27
2236.0,end,27
2248.0,end,27
2267.0,end,27
2278.0,end,27
2297.0,end,27
2321.0,end,27
2338.0,end,27
2362.0,end,27
1450.0,rises,27
1449.0,rises,27
1874.0,end,27
2268.0,start,27
1830.0,end,27
1807.0,end,27
1234.0,end,27
1252.0,end,27
1272.0,end,27
1294.0,end,27
1312.0,end,27
1331.0,end,27
1347.0,end,27
1370.0,end,27
1391.0,end,27
1426.0,end,27
1448.0,end,27
1486.0,end,27
1517.0,end,27
1190.0,end,27
1529.0,end,27
1573.0,end,27
1594.0,end,27
1618.0,end,27
1639.0,end,27
1654.0,end,27
1665.0,end,27
1687.0,end,27
1703.0,end,27
1725.0,end,27
1742.0,end,27
1760.0,end,27
1781.0,end,27
1792.0,end,27
1546.0,end,27
2249.0,start,27
421.0,end,27
2215.0,start,27
349.0,start,27
367.0,start,27
388.0,start,27
407.0,start,27
422.0,start,27
447.0,start,27
476.0,start,27
494.0,start,27
513.0,start,27
535.0,start,27
555.0,start,27
578.0,start,27
599.0,start,27
622.0,start,27
642.0,start,27
667.0,start,27
683.0,start,27
701.0,start,27
723.0,start,27
742.0,start,27
769.0,start,27
796.0,start,27
813.0,start,27
834.0,start,27
854.0,start,27
877.0,start,27
897.0,start,27
335.0,start,27
923.0,start,27
307.0,start,27
268.0,start,27
2237.0,start,27
31.0,outsider,27
1392.0,outsider,27
1427.0,outsider,27
1450.0,outsider,27
1782.0,outsider,27
2237.0,outsider,27
30.0,outsider,27
47.0,outsider,27
1426.0,outsider,27
1448.0,outsider,27
1486.0,outsider,27
1792.0,outsider,27
2248.0,outsider,27
0.0,start,27
31.0,start,27
48.0,start,27
72.0,start,27
89.0,start,27
108.0,start,27
135.0,start,27
156.0,start,27
173.0,start,27
192.0,start,27
210.0,start,27
233.0,start,27
248.0,start,27
285.0,start,27
943.0,start,27
0.0,outsider,27
990.0,start,27
1688.0,start,27
1704.0,start,27
1726.0,start,27
1743.0,start,27
1761.0,start,27
1782.0,start,27
1793.0,start,27
1808.0,start,27
1831.0,start,27
1859.0,start,27
1875.0,start,27
1895.0,start,27
1914.0,start,27
1936.0,start,27
1951.0,start,27
1968.0,start,27
1993.0,start,27
2014.0,start,27
2030.0,start,27
2049.0,start,27
2068.0,start,27
2090.0,start,27
2109.0,start,27
2134.0,start,27
2161.0,start,27
2179.0,start,27
964.0,start,27
1666.0,start,27
1655.0,start,27
2193.0,start,27
1619.0,start,27
1014.0,start,27
1036.0,start,27
1053.0,start,27
1073.0,start,27
1091.0,start,27
1110.0,start,27
1127.0,start,27
1149.0,start,27
1640.0,start,27
1191.0,start,27
1217.0,start,27
1235.0,start,27
1253.0,start,27
1273.0,start,27
1172.0,start,27
1313.0,start,27
1295.0,start,27
1574.0,start,27
1547.0,start,27
1530.0,start,27
1518.0,start,27
1487.0,start,27
1595.0,start,27
1427.0,start,27
1392.0,start,27
1371.0,start,27
1348.0,start,27
1332.0,start,27
1450.0,start,27
785,end,28
766,end,28
744,end,28
730,end,28
705,end,28
637,end,28
657,end,28
613,end,28
591,end,28
572,end,28
683,end,28
813,end,28
1104,end,28
847,end,28
431,non_positives,28
872,end,28
891,end,28
911,end,28
930,end,28
953,end,28
971,end,28
995,end,28
1019,end,28
1040,end,28
1059,end,28
1078,end,28
834,end,28
551,end,28
248,end,28
507,end,28
1123,end,28
2274,start,28
2298,start,28
2315,start,28
2366,start,28
24,end,28
63,end,28
73,end,28
85,end,28
105,end,28
125,end,28
144,end,28
164,end,28
205,end,28
214,end,28
232,end,28
266,end,28
290,end,28
316,end,28
337,end,28
356,end,28
382,end,28
402,end,28
430,end,28
445,end,28
476,end,28
487,end,28
531,end,28
1139,end,28
1786,end,28
1185,end,28
1863,end,28
1880,end,28
1900,end,28
1916,end,28
1937,end,28
1965,end,28
1979,end,28
2002,end,28
2019,end,28
2046,end,28
2062,end,28
2078,end,28
2100,end,28
2115,end,28
2136,end,28
2165,end,28
2180,end,28
2203,end,28
2221,end,28
2244,end,28
2257,end,28
2273,end,28
2297,end,28
2314,end,28
2365,end,28
2378,end,28
2258,start,28
1846,end,28
1163,end,28
1823,end,28
1762,end,28
1209,end,28
1230,end,28
1252,end,28
1271,end,28
1293,end,28
1316,end,28
1335,end,28
1358,end,28
1375,end,28
1397,end,28
1419,end,28
1440,end,28
1459,end,28
1483,end,28
1498,end,28
1515,end,28
1536,end,28
1556,end,28
1583,end,28
1602,end,28
1625,end,28
1645,end,28
1662,end,28
1687,end,28
1702,end,28
1723,end,28
1750,end,28
1807,end,28
2245,start,28
1272,start,28
2204,start,28
357,start,28
383,start,28
403,start,28
432,start,28
446,start,28
477,start,28
488,start,28
508,start,28
532,start,28
552,start,28
573,start,28
592,start,28
338,start,28
614,start,28
658,start,28
684,start,28
706,start,28
731,start,28
745,start,28
767,start,28
786,start,28
814,start,28
835,start,28
848,start,28
873,start,28
892,start,28
638,start,28
317,start,28
291,start,28
267,start,28
2222,start,28
0,outsider,28
25,outsider,28
145,outsider,28
165,outsider,28
1516,outsider,28
2315,outsider,28
2366,outsider,28
24,outsider,28
63,outsider,28
164,outsider,28
1536,outsider,28
2365,outsider,28
2378,outsider,28
0,start,28
25,start,28
64,start,28
74,start,28
86,start,28
106,start,28
126,start,28
145,start,28
165,start,28
206,start,28
215,start,28
233,start,28
249,start,28
912,start,28
931,start,28
205,outsider,28
972,start,28
1663,start,28
1688,start,28
1703,start,28
1724,start,28
1751,start,28
1763,start,28
1787,start,28
1808,start,28
1824,start,28
1847,start,28
1864,start,28
1881,start,28
1901,start,28
1917,start,28
1938,start,28
1966,start,28
1980,start,28
2003,start,28
2020,start,28
2047,start,28
2079,start,28
2101,start,28
2116,start,28
2137,start,28
2166,start,28
2181,start,28
954,start,28
1646,start,28
1626,start,28
2063,start,28
1584,start,28
996,start,28
1603,start,28
1020,start,28
1041,start,28
1060,start,28
1105,start,28
1124,start,28
1140,start,28
1164,start,28
1186,start,28
1210,start,28
1231,start,28
1253,start,28
1079,start,28
1317,start,28
1294,start,28
1516,start,28
1499,start,28
1557,start,28
1460,start,28
1441,start,28
1484,start,28
1420,start,28
1398,start,28
1376,start,28
1359,start,28
1336,start,28
1537,start,28
689,end,29
500,end,29
543,end,29
571,end,29
589,end,29
604,end,29
628,end,29
646,end,29
666,end,29
520,end,29
796,end,29
728,end,29
751,end,29
770,end,29
821,end,29
860,end,29
868,end,29
873,end,29
479,end,29
897,end,29
921,end,29
707,end,29
459,end,29
191,end,29
419,end,29
1876,start,29
947,end,29
1894,start,29
11,end,29
37,end,29
59,end,29
85,end,29
110,end,29
131,end,29
144,end,29
170,end,29
206,end,29
233,end,29
258,end,29
282,end,29
294,end,29
312,end,29
337,end,29
358,end,29
384,end,29
399,end,29
438,end,29
966,end,29
1573,end,29
1009,end,29
1531,end,29
1557,end,29
1596,end,29
1610,end,29
1627,end,29
1644,end,29
1672,end,29
1696,end,29
1715,end,29
1735,end,29
1757,end,29
1783,end,29
1799,end,29
1818,end,29
1838,end,29
1860,end,29
1875,end,29
1893,end,29
1915,end,29
346,singularities,29
1861,start,29
1507,end,29
991,end,29
1484,end,29
1442,end,29
1026,end,29
1045,end,29
1062,end,29
1088,end,29
1106,end,29
1130,end,29
1151,end,29
1175,end,29
1190,end,29
1208,end,29
1232,end,29
1255,end,29
1273,end,29
1298,end,29
1312,end,29
1329,end,29
1349,end,29
1372,end,29
1389,end,29
1412,end,29
1426,end,29
1461,end,29
1839,start,29
1819,start,29
1800,start,29
338,start,29
359,start,29
385,start,29
400,start,29
420,start,29
439,start,29
460,start,29
480,start,29
501,start,29
521,start,29
544,start,29
572,start,29
590,start,29
605,start,29
629,start,29
647,start,29
667,start,29
690,start,29
708,start,29
729,start,29
752,start,29
313,start,29
771,start,29
295,start,29
259,start,29
0,outsider,29
60,outsider,29
822,outsider,29
861,outsider,29
869,outsider,29
11,outsider,29
85,outsider,29
860,outsider,29
868,outsider,29
873,outsider,29
0,start,29
12,start,29
38,start,29
60,start,29
86,start,29
111,start,29
132,start,29
145,start,29
171,start,29
207,start,29
234,start,29
283,start,29
797,start,29
192,start,29
861,start,29
1373,start,29
1390,start,29
1413,start,29
1427,start,29
1443,start,29
1462,start,29
1485,start,29
1508,start,29
1532,start,29
1558,start,29
1597,start,29
1611,start,29
1628,start,29
1645,start,29
1673,start,29
1697,start,29
1716,start,29
1736,start,29
1758,start,29
1784,start,29
822,start,29
1350,start,29
1330,start,29
1574,start,29
1299,start,29
869,start,29
1313,start,29
874,start,29
898,start,29
922,start,29
948,start,29
967,start,29
1010,start,29
1027,start,29
1046,start,29
1063,start,29
992,start,29
1089,start,29
1107,start,29
1131,start,29
1152,start,29
1176,start,29
1191,start,29
1209,start,29
1233,start,29
1256,start,29
1274,start,29
763,end,30
745,end,30
727,end,30
707,end,30
685,end,30
619,end,30
642,end,30
580,end,30
599,end,30
562,end,30
784,end,30
662,end,30
808,end,30
1022,end,30
852,end,30
878,end,30
898,end,30
916,end,30
935,end,30
951,end,30
975,end,30
1002,end,30
1041,end,30
1060,end,30
547,end,30
1078,end,30
830,end,30
525,end,30
28,end,30
485,end,30
1099,end,30
2262,start,30
2284,start,30
2301,start,30
2323,start,30
2470,start,30
51,end,30
67,end,30
86,end,30
106,end,30
2493,end,30
129,end,30
149,end,30
173,end,30
191,end,30
207,end,30
234,end,30
256,end,30
277,end,30
296,end,30
319,end,30
342,end,30
363,end,30
382,end,30
404,end,30
422,end,30
450,end,30
502,end,30
1119,end,30
2111,end,30
1157,end,30
1804,end,30
1823,end,30
1846,end,30
1867,end,30
1888,end,30
1909,end,30
1933,end,30
1950,end,30
1973,end,30
1989,end,30
2010,end,30
2035,end,30
2048,end,30
2072,end,30
2086,end,30
2235,start,30
2127,end,30
2146,end,30
2170,end,30
2196,end,30
2225,end,30
2234,end,30
2261,end,30
2283,end,30
2300,end,30
2322,end,30
2341,end,30
1786,end,30
1138,end,30
1766,end,30
1727,end,30
1178,end,30
1199,end,30
1222,end,30
1245,end,30
1267,end,30
1285,end,30
1300,end,30
1315,end,30
1338,end,30
1351,end,30
1373,end,30
1394,end,30
1415,end,30
1438,end,30
1460,end,30
1482,end,30
1501,end,30
1515,end,30
1537,end,30
1563,end,30
1586,end,30
1608,end,30
1642,end,30
1657,end,30
1670,end,30
1686,end,30
1710,end,30
1746,end,30
2226,start,30
1951,start,30
2171,start,30
364,start,30
383,start,30
405,start,30
423,start,30
451,start,30
486,start,30
503,start,30
526,start,30
548,start,30
563,start,30
581,start,30
600,start,30
343,start,30
620,start,30
663,start,30
686,start,30
708,start,30
728,start,30
746,start,30
764,start,30
785,start,30
809,start,30
831,start,30
853,start,30
879,start,30
899,start,30
643,start,30
320,start,30
297,start,30
278,start,30
2197,start,30
3,outsider,30
130,outsider,30
451,outsider,30
1609,outsider,30
2197,outsider,30
2226,outsider,30
2470,outsider,30
28,outsider,30
149,outsider,30
485,outsider,30
1642,outsider,30
2225,outsider,30
2234,outsider,30
2493,outsider,30
3,start,30
29,start,30
52,start,30
68,start,30
87,start,30
107,start,30
130,start,30
150,start,30
174,start,30
208,start,30
235,start,30
257,start,30
917,start,30
936,start,30
192,start,30
976,start,30
1643,start,30
1658,start,30
1671,start,30
1687,start,30
1711,start,30
1728,start,30
1747,start,30
1767,start,30
1787,start,30
1805,start,30
1824,start,30
1847,start,30
1609,start,30
1868,start,30
1934,start,30
1974,start,30
1990,start,30
2011,start,30
2036,start,30
2049,start,30
2073,start,30
2087,start,30
2112,start,30
2128,start,30
952,start,30
2147,start,30
1910,start,30
1587,start,30
1889,start,30
1538,start,30
1003,start,30
1023,start,30
1564,start,30
1042,start,30
1061,start,30
1079,start,30
1100,start,30
1120,start,30
1158,start,30
1179,start,30
1200,start,30
1223,start,30
1246,start,30
1268,start,30
1139,start,30
1439,start,30
1301,start,30
1316,start,30
1339,start,30
1352,start,30
1374,start,30
1395,start,30
1416,start,30
1502,start,30
1461,start,30
1516,start,30
1483,start,30
1286,start,30
775,end,31
802,end,31
600,end,31
838,end,31
860,end,31
821,end,31
752,end,31
672,end,31
710,end,31
694,end,31
651,end,31
637,end,31
584,end,31
888,end,31
734,end,31
903,end,31
1154,end,31
947,end,31
1233,end,31
572,end,31
1208,end,31
1191,end,31
1173,end,31
1135,end,31
923,end,31
1116,end,31
1074,end,31
1054,end,31
1037,end,31
1015,end,31
991,end,31
973,end,31
1096,end,31
559,end,31
2745,start,31
512,end,31
100,end,31
75,end,31
56,end,31
42,end,31
2802,start,31
2791,start,31
110,end,31
2758,start,31
2705,start,31
2691,start,31
2669,start,31
2649,start,31
2625,start,31
1245,end,31
2727,start,31
126,end,31
147,end,31
164,end,31
494,end,31
467,end,31
446,end,31
424,end,31
403,end,31
378,end,31
358,end,31
343,end,31
322,end,31
311,end,31
283,end,31
255,end,31
220,end,31
205,end,31
181,end,31
543,end,31
1259,end,31
2528,end,31
1312,end,31
2404,end,31
2387,end,31
2359,end,31
2343,end,31
2324,end,31
2308,end,31
2422,end,31
2285,end,31
2236,end,31
2217,end,31
2196,end,31
2177,end,31
2155,end,31
2142,end,31
2255,end,31
2442,end,31
2464,end,31
2492,end,31
2790,end,31
2757,end,31
2744,end,31
2726,end,31
2704,end,31
2690,end,31
2668,end,31
2648,end,31
2624,end,31
2603,end,31
2591,end,31
2564,end,31
2548,end,31
2604,start,31
2512,end,31
2118,end,31
2096,end,31
2070,end,31
2051,end,31
1617,end,31
1594,end,31
1574,end,31
1548,end,31
1523,end,31
1513,end,31
1495,end,31
1473,end,31
1457,end,31
1435,end,31
1415,end,31
1394,end,31
1370,end,31
1350,end,31
1334,end,31
1638,end,31
1278,end,31
1658,end,31
1704,end,31
2030,end,31
2011,end,31
1988,end,31
1964,end,31
1937,end,31
1915,end,31
1898,end,31
1876,end,31
1851,end,31
1827,end,31
1806,end,31
1785,end,31
1763,end,31
1743,end,31
1721,end,31
1682,end,31
2592,start,31
1335,start,31
2549,start,31
573,start,31
560,start,31
544,start,31
513,start,31
495,start,31
468,start,31
585,start,31
447,start,31
404,start,31
379,start,31
359,start,31
344,start,31
323,start,31
312,start,31
425,start,31
601,start,31
638,start,31
652,start,31
974,start,31
948,start,31
924,start,31
904,start,31
889,start,31
861,start,31
839,start,31
822,start,31
803,start,31
776,start,31
753,start,31
735,start,31
711,start,31
695,start,31
673,start,31
284,start,31
992,start,31
256,start,31
206,start,31
100,outsider,31
42,outsider,31
2802,outsider,31
2791,outsider,31
2758,outsider,31
2727,outsider,31
110,outsider,31
1514,outsider,31
513,outsider,31
148,outsider,31
101,outsider,31
76,outsider,31
0,outsider,31
2801,end,31
601,outsider,31
164,outsider,31
543,outsider,31
637,outsider,31
182,start,31
165,start,31
148,start,31
127,start,31
111,start,31
101,start,31
76,start,31
57,start,31
43,start,31
0,start,31
2831,outsider,31
2801,outsider,31
2790,outsider,31
2744,outsider,31
1523,outsider,31
221,start,31
2565,start,31
1016,start,31
1055,start,31
2143,start,31
2119,start,31
2097,start,31
2071,start,31
2052,start,31
2031,start,31
2156,start,31
2012,start,31
1965,start,31
1938,start,31
1916,start,31
1899,start,31
1877,start,31
1852,start,31
1989,start,31
2178,start,31
2197,start,31
2218,start,31
2529,start,31
2513,start,31
2493,start,31
2465,start,31
2443,start,31
2423,start,31
2405,start,31
2388,start,31
2360,start,31
2344,start,31
2325,start,31
2309,start,31
2286,start,31
2256,start,31
2237,start,31
1828,start,31
1038,start,31
1807,start,31
1764,start,31
1351,start,31
1313,start,31
1279,start,31
1260,start,31
1246,start,31
1234,start,31
1371,start,31
1209,start,31
1174,start,31
1155,start,31
1136,start,31
1117,start,31
1097,start,31
1075,start,31
1192,start,31
1395,start,31
1416,start,31
1436,start,31
1744,start,31
1722,start,31
1705,start,31
1683,start,31
1659,start,31
1639,start,31
1618,start,31
1595,start,31
1575,start,31
1549,start,31
1524,start,31
1514,start,31
1496,start,31
1474,start,31
1458,start,31
1786,start,31
2831,end,31
